[{"CaseId":48,"CreatedOn":"2020-06-02 13:56","Description":"Demo Step 007","EditedOn":"2024-06-06 09:45","EndingYear":"2020","FixResultFileName":"False","FixResultInfo":{"WorkTimesFolderPath":null,"GdxElasticDermands":{"GdxSelectedFile":{"FileName":"","FilePath":"","IsSelected":false},"IsApplied":false},"GdxIre":{"GdxSelectedFile":{"FileName":"","FilePath":"","IsSelected":false},"IsApplied":false,"RadioSelection":1},"GdxUseSolution":{"FixYearsUpto":"","GdxSelectedFile":{"FileName":"","FilePath":"","IsSelected":false},"IsApplied":false,"RadioSelection":1},"IsApplyFixResult":false},"GAMSSourceFolder":"GAMS_SrcTIMES.v4.7.6","Name":"DemoS_007","ParametricGroup":null,"ParametricGroupId":null,"PeriodsDefinition":"pdef-5","PropertiesGroup":"DefaultProperties","PropertiesGroupId":77,"RegionGroup":"AllRegion","RegionGroupId":76,"ScenarioGroup":"DemoS_007","ScenarioGroupId":78,"Solver":"cplex","SolverOptionFile":"BA121-7","UserName":"getppp_hy-iee_pc"},{"CaseId":49,"CreatedOn":"2020-06-02 13:58","Description":"Demo Step 007 ELC and TRA CO2 Bounds","EditedOn":"2024-06-06 09:45","EndingYear":"2020","FixResultFileName":"False","FixResultInfo":{"WorkTimesFolderPath":null,"GdxElasticDermands":{"GdxSelectedFile":{"FileName":"","FilePath":"","IsSelected":false},"IsApplied":false},"GdxIre":{"GdxSelectedFile":{"FileName":"","FilePath":"","IsSelected":false},"IsApplied":false,"RadioSelection":1},"GdxUseSolution":{"FixYearsUpto":"","GdxSelectedFile":{"FileName":"","FilePath":"","IsSelected":false},"IsApplied":false,"RadioSelection":1},"IsApplyFixResult":false},"GAMSSourceFolder":"GAMS_SrcTIMES.v4.7.6","Name":"DemoS_007a","ParametricGroup":null,"ParametricGroupId":null,"PeriodsDefinition":"pdef-5","PropertiesGroup":"DefaultProperties","PropertiesGroupId":77,"RegionGroup":"AllRegion","RegionGroupId":76,"ScenarioGroup":"DemoS_007a","ScenarioGroupId":79,"Solver":"cplex","SolverOptionFile":"BA121-7","UserName":"getppp_hy-iee_pc"},{"CaseId":50,"CreatedOn":"2020-06-02 14:00","Description":"Demo Step 007 Elastic Demand","EditedOn":"2024-06-06 09:45","EndingYear":"2020","FixResultFileName":"False","FixResultInfo":{"WorkTimesFolderPath":null,"GdxElasticDermands":{"GdxSelectedFile":{"FileName":"","FilePath":"","IsSelected":false},"IsApplied":false},"GdxIre":{"GdxSelectedFile":{"FileName":"","FilePath":"","IsSelected":false},"IsApplied":false,"RadioSelection":1},"GdxUseSolution":{"FixYearsUpto":"","GdxSelectedFile":{"FileName":"","FilePath":"","IsSelected":false},"IsApplied":false,"RadioSelection":1},"IsApplyFixResult":false},"GAMSSourceFolder":"GAMS_SrcTIMES.v4.7.6","Name":"DemoS_007b","ParametricGroup":null,"ParametricGroupId":null,"PeriodsDefinition":"pdef-5","PropertiesGroup":"DefaultProperties","PropertiesGroupId":77,"RegionGroup":"AllRegion","RegionGroupId":76,"ScenarioGroup":"DemoS_007b","ScenarioGroupId":80,"Solver":"cplex","SolverOptionFile":"BA121-7","UserName":"getppp_hy-iee_pc"},{"CaseId":51,"CreatedOn":"2020-06-02 14:01","Description":"Demo Step 007 UC Growth and Bound","EditedOn":"2024-06-06 09:44","EndingYear":"2020","FixResultFileName":"False","FixResultInfo":{"WorkTimesFolderPath":null,"GdxElasticDermands":{"GdxSelectedFile":{"FileName":"","FilePath":"","IsSelected":false},"IsApplied":false},"GdxIre":{"GdxSelectedFile":{"FileName":"","FilePath":"","IsSelected":false},"IsApplied":false,"RadioSelection":1},"GdxUseSolution":{"FixYearsUpto":"","GdxSelectedFile":{"FileName":"","FilePath":"","IsSelected":false},"IsApplied":false,"RadioSelection":1},"IsApplyFixResult":false},"GAMSSourceFolder":"GAMS_SrcTIMES.v4.7.6","Name":"DemoS_007c","ParametricGroup":null,"ParametricGroupId":null,"PeriodsDefinition":"pdef-5","PropertiesGroup":"DefaultProperties","PropertiesGroupId":77,"RegionGroup":"AllRegion","RegionGroupId":76,"ScenarioGroup":"DemoS_007c","ScenarioGroupId":81,"Solver":"cplex","SolverOptionFile":"BA121-7","UserName":"getppp_hy-iee_pc"},{"CaseId":62,"CreatedOn":"2024-06-06 11:07","Description":"","EditedOn":"2024-06-06 11:17","EndingYear":"2035","FixResultFileName":"False","FixResultInfo":{"WorkTimesFolderPath":null,"GdxElasticDermands":{"GdxSelectedFile":{"FileName":"","FilePath":"","IsSelected":false},"IsApplied":false},"GdxIre":{"GdxSelectedFile":{"FileName":"","FilePath":"","IsSelected":false},"IsApplied":false,"RadioSelection":1},"GdxUseSolution":{"FixYearsUpto":"","GdxSelectedFile":{"FileName":"","FilePath":"","IsSelected":false},"IsApplied":false,"RadioSelection":1},"IsApplyFixResult":false},"GAMSSourceFolder":"GAMS_SrcTIMES.v4.7.6","Name":"DemoS_003-ELC10","ParametricGroup":null,"ParametricGroupId":null,"PeriodsDefinition":"pdef-5","PropertiesGroup":"DefaultProperties","PropertiesGroupId":77,"RegionGroup":"AllRegion","RegionGroupId":76,"ScenarioGroup":"AllScenario","ScenarioGroupId":75,"Solver":"cplex","SolverOptionFile":"BA121-7","UserName":"getppp_hy-iee_pc"},{"CaseId":63,"CreatedOn":"2024-06-06 11:08","Description":"","EditedOn":"2024-06-06 11:17","EndingYear":"2035","FixResultFileName":"False","FixResultInfo":{"WorkTimesFolderPath":null,"GdxElasticDermands":{"GdxSelectedFile":{"FileName":"","FilePath":"","IsSelected":false},"IsApplied":false},"GdxIre":{"GdxSelectedFile":{"FileName":"","FilePath":"","IsSelected":false},"IsApplied":false,"RadioSelection":1},"GdxUseSolution":{"FixYearsUpto":"","GdxSelectedFile":{"FileName":"","FilePath":"","IsSelected":false},"IsApplied":false,"RadioSelection":1},"IsApplyFixResult":false},"GAMSSourceFolder":"GAMS_SrcTIMES.v4.7.6","Name":"DemoS_003-ELC20","ParametricGroup":null,"ParametricGroupId":null,"PeriodsDefinition":"pdef-5","PropertiesGroup":"DefaultProperties","PropertiesGroupId":77,"RegionGroup":"AllRegion","RegionGroupId":76,"ScenarioGroup":"AllScenario","ScenarioGroupId":75,"Solver":"cplex","SolverOptionFile":"BA121-7","UserName":"getppp_hy-iee_pc"},{"CaseId":64,"CreatedOn":"2024-06-06 11:09","Description":"","EditedOn":"2024-06-06 11:16","EndingYear":"2035","FixResultFileName":"False","FixResultInfo":{"WorkTimesFolderPath":null,"GdxElasticDermands":{"GdxSelectedFile":{"FileName":"","FilePath":"","IsSelected":false},"IsApplied":false},"GdxIre":{"GdxSelectedFile":{"FileName":"","FilePath":"","IsSelected":false},"IsApplied":false,"RadioSelection":1},"GdxUseSolution":{"FixYearsUpto":"","GdxSelectedFile":{"FileName":"","FilePath":"","IsSelected":false},"IsApplied":false,"RadioSelection":1},"IsApplyFixResult":false},"GAMSSourceFolder":"GAMS_SrcTIMES.v4.7.6","Name":"DemoS_003-ELC30","ParametricGroup":null,"ParametricGroupId":null,"PeriodsDefinition":"pdef-5","PropertiesGroup":"DefaultProperties","PropertiesGroupId":77,"RegionGroup":"AllRegion","RegionGroupId":76,"ScenarioGroup":"AllScenario","ScenarioGroupId":75,"Solver":"cplex","SolverOptionFile":"BA121-7","UserName":"getppp_hy-iee_pc"},{"CaseId":65,"CreatedOn":"2024-06-06 11:09","Description":"","EditedOn":"2024-06-06 11:16","EndingYear":"2035","FixResultFileName":"False","FixResultInfo":{"WorkTimesFolderPath":null,"GdxElasticDermands":{"GdxSelectedFile":{"FileName":"","FilePath":"","IsSelected":false},"IsApplied":false},"GdxIre":{"GdxSelectedFile":{"FileName":"","FilePath":"","IsSelected":false},"IsApplied":false,"RadioSelection":1},"GdxUseSolution":{"FixYearsUpto":"","GdxSelectedFile":{"FileName":"","FilePath":"","IsSelected":false},"IsApplied":false,"RadioSelection":1},"IsApplyFixResult":false},"GAMSSourceFolder":"GAMS_SrcTIMES.v4.7.6","Name":"DemoS_003-ELC40","ParametricGroup":null,"ParametricGroupId":null,"PeriodsDefinition":"pdef-5","PropertiesGroup":"DefaultProperties","PropertiesGroupId":77,"RegionGroup":"AllRegion","RegionGroupId":76,"ScenarioGroup":"AllScenario","ScenarioGroupId":75,"Solver":"cplex","SolverOptionFile":"BA121-7","UserName":"getppp_hy-iee_pc"},{"CaseId":66,"CreatedOn":"2024-06-06 11:09","Description":"","EditedOn":"2024-06-06 11:16","EndingYear":"2035","FixResultFileName":"False","FixResultInfo":{"WorkTimesFolderPath":null,"GdxElasticDermands":{"GdxSelectedFile":{"FileName":"","FilePath":"","IsSelected":false},"IsApplied":false},"GdxIre":{"GdxSelectedFile":{"FileName":"","FilePath":"","IsSelected":false},"IsApplied":false,"RadioSelection":1},"GdxUseSolution":{"FixYearsUpto":"","GdxSelectedFile":{"FileName":"","FilePath":"","IsSelected":false},"IsApplied":false,"RadioSelection":1},"IsApplyFixResult":false},"GAMSSourceFolder":"GAMS_SrcTIMES.v4.7.6","Name":"DemoS_003-TRA10","ParametricGroup":null,"ParametricGroupId":null,"PeriodsDefinition":"pdef-5","PropertiesGroup":"DefaultProperties","PropertiesGroupId":77,"RegionGroup":"AllRegion","RegionGroupId":76,"ScenarioGroup":"AllScenario","ScenarioGroupId":75,"Solver":"cplex","SolverOptionFile":"BA121-7","UserName":"getppp_hy-iee_pc"},{"CaseId":67,"CreatedOn":"2024-06-06 11:09","Description":"","EditedOn":"2024-06-06 11:16","EndingYear":"2035","FixResultFileName":"False","FixResultInfo":{"WorkTimesFolderPath":null,"GdxElasticDermands":{"GdxSelectedFile":{"FileName":"","FilePath":"","IsSelected":false},"IsApplied":false},"GdxIre":{"GdxSelectedFile":{"FileName":"","FilePath":"","IsSelected":false},"IsApplied":false,"RadioSelection":1},"GdxUseSolution":{"FixYearsUpto":"","GdxSelectedFile":{"FileName":"","FilePath":"","IsSelected":false},"IsApplied":false,"RadioSelection":1},"IsApplyFixResult":false},"GAMSSourceFolder":"GAMS_SrcTIMES.v4.7.6","Name":"DemoS_003-TRA20","ParametricGroup":null,"ParametricGroupId":null,"PeriodsDefinition":"pdef-5","PropertiesGroup":"DefaultProperties","PropertiesGroupId":77,"RegionGroup":"AllRegion","RegionGroupId":76,"ScenarioGroup":"AllScenario","ScenarioGroupId":75,"Solver":"cplex","SolverOptionFile":"BA121-7","UserName":"getppp_hy-iee_pc"},{"CaseId":68,"CreatedOn":"2024-06-06 11:10","Description":"","EditedOn":"2024-06-06 11:15","EndingYear":"2035","FixResultFileName":"False","FixResultInfo":{"WorkTimesFolderPath":null,"GdxElasticDermands":{"GdxSelectedFile":{"FileName":"","FilePath":"","IsSelected":false},"IsApplied":false},"GdxIre":{"GdxSelectedFile":{"FileName":"","FilePath":"","IsSelected":false},"IsApplied":false,"RadioSelection":1},"GdxUseSolution":{"FixYearsUpto":"","GdxSelectedFile":{"FileName":"","FilePath":"","IsSelected":false},"IsApplied":false,"RadioSelection":1},"IsApplyFixResult":false},"GAMSSourceFolder":"GAMS_SrcTIMES.v4.7.6","Name":"DemoS_003-TRA30","ParametricGroup":null,"ParametricGroupId":null,"PeriodsDefinition":"pdef-5","PropertiesGroup":"DefaultProperties","PropertiesGroupId":77,"RegionGroup":"AllRegion","RegionGroupId":76,"ScenarioGroup":"AllScenario","ScenarioGroupId":75,"Solver":"cplex","SolverOptionFile":"BA121-7","UserName":"getppp_hy-iee_pc"},{"CaseId":69,"CreatedOn":"2024-06-06 11:10","Description":"","EditedOn":"2024-06-06 11:15","EndingYear":"2035","FixResultFileName":"False","FixResultInfo":{"WorkTimesFolderPath":null,"GdxElasticDermands":{"GdxSelectedFile":{"FileName":"","FilePath":"","IsSelected":false},"IsApplied":false},"GdxIre":{"GdxSelectedFile":{"FileName":"","FilePath":"","IsSelected":false},"IsApplied":false,"RadioSelection":1},"GdxUseSolution":{"FixYearsUpto":"","GdxSelectedFile":{"FileName":"","FilePath":"","IsSelected":false},"IsApplied":false,"RadioSelection":1},"IsApplyFixResult":false},"GAMSSourceFolder":"GAMS_SrcTIMES.v4.7.6","Name":"DemoS_003-TRA40","ParametricGroup":null,"ParametricGroupId":null,"PeriodsDefinition":"pdef-5","PropertiesGroup":"DefaultProperties","PropertiesGroupId":77,"RegionGroup":"AllRegion","RegionGroupId":76,"ScenarioGroup":"AllScenario","ScenarioGroupId":75,"Solver":"cplex","SolverOptionFile":"BA121-7","UserName":"getppp_hy-iee_pc"},{"CaseId":70,"CreatedOn":"2024-06-06 11:10","Description":"","EditedOn":"2024-06-06 11:15","EndingYear":"2035","FixResultFileName":"False","FixResultInfo":{"WorkTimesFolderPath":null,"GdxElasticDermands":{"GdxSelectedFile":{"FileName":"","FilePath":"","IsSelected":false},"IsApplied":false},"GdxIre":{"GdxSelectedFile":{"FileName":"","FilePath":"","IsSelected":false},"IsApplied":false,"RadioSelection":1},"GdxUseSolution":{"FixYearsUpto":"","GdxSelectedFile":{"FileName":"","FilePath":"","IsSelected":false},"IsApplied":false,"RadioSelection":1},"IsApplyFixResult":false},"GAMSSourceFolder":"GAMS_SrcTIMES.v4.7.6","Name":"DemoS_003-TRA50","ParametricGroup":null,"ParametricGroupId":null,"PeriodsDefinition":"pdef-5","PropertiesGroup":"DefaultProperties","PropertiesGroupId":77,"RegionGroup":"AllRegion","RegionGroupId":76,"ScenarioGroup":"AllScenario","ScenarioGroupId":75,"Solver":"cplex","SolverOptionFile":"BA121-7","UserName":"getppp_hy-iee_pc"},{"CaseId":71,"CreatedOn":"2024-06-06 11:14","Description":"","EditedOn":"2024-06-06 11:14","EndingYear":"2035","FixResultFileName":"False","FixResultInfo":{"WorkTimesFolderPath":null,"GdxElasticDermands":{"GdxSelectedFile":{"FileName":"","FilePath":"","IsSelected":false},"IsApplied":false},"GdxIre":{"GdxSelectedFile":{"FileName":"","FilePath":"","IsSelected":false},"IsApplied":false,"RadioSelection":1},"GdxUseSolution":{"FixYearsUpto":"","GdxSelectedFile":{"FileName":"","FilePath":"","IsSelected":false},"IsApplied":false,"RadioSelection":1},"IsApplyFixResult":false},"GAMSSourceFolder":"GAMS_SrcTIMES.v4.7.6","Name":"DemoS_003-ELC","ParametricGroup":null,"ParametricGroupId":null,"PeriodsDefinition":"pdef-5","PropertiesGroup":"DefaultProperties","PropertiesGroupId":77,"RegionGroup":"AllRegion","RegionGroupId":76,"ScenarioGroup":"AllScenario","ScenarioGroupId":75,"Solver":"cplex","SolverOptionFile":"BA121-7","UserName":"getppp_hy-iee_pc"},{"CaseId":72,"CreatedOn":"2024-06-06 11:14","Description":"","EditedOn":"2024-06-06 11:14","EndingYear":"2035","FixResultFileName":"False","FixResultInfo":{"WorkTimesFolderPath":null,"GdxElasticDermands":{"GdxSelectedFile":{"FileName":"","FilePath":"","IsSelected":false},"IsApplied":false},"GdxIre":{"GdxSelectedFile":{"FileName":"","FilePath":"","IsSelected":false},"IsApplied":false,"RadioSelection":1},"GdxUseSolution":{"FixYearsUpto":"","GdxSelectedFile":{"FileName":"","FilePath":"","IsSelected":false},"IsApplied":false,"RadioSelection":1},"IsApplyFixResult":false},"GAMSSourceFolder":"GAMS_SrcTIMES.v4.7.6","Name":"DemoS_003-TRA","ParametricGroup":null,"ParametricGroupId":null,"PeriodsDefinition":"pdef-5","PropertiesGroup":"DefaultProperties","PropertiesGroupId":77,"RegionGroup":"AllRegion","RegionGroupId":76,"ScenarioGroup":"AllScenario","ScenarioGroupId":75,"Solver":"cplex","SolverOptionFile":"BA121-7","UserName":"getppp_hy-iee_pc"}]