[{"SavedGroupId":85,"GroupName":"DemoS_007-ELC40","GroupType":"Scenario","Settings":"[{\"Name\": \"BASE\", \"Checked\": true, \"RowOrder\": 0, \"ShortName\": \"B\"}, {\"Name\": \"NewTechs\", \"Checked\": true, \"RowOrder\": 1, \"ShortName\": \"SR\"}, {\"Name\": \"TRADE_PARAM\", \"Checked\": true, \"RowOrder\": 2, \"ShortName\": \"TS\"}, {\"Name\": \"SysSettings\", \"Checked\": true, \"RowOrder\": 3, \"ShortName\": \"SS\"}, {\"Name\": \"CO2_TAX\", \"Checked\": false, \"RowOrder\": 4, \"ShortName\": \"RS\"}, {\"Name\": \"Peak_RSV\", \"Checked\": true, \"RowOrder\": 5, \"ShortName\": \"RS\"}, {\"Name\": \"Refinery\", \"Checked\": true, \"RowOrder\": 6, \"ShortName\": \"RS\"}, {\"Name\": \"DemProj_DTCAR\", \"Checked\": true, \"RowOrder\": 7, \"ShortName\": \"RS\"}, {\"Name\": \"ELC_CO2_BOUND\", \"Checked\": false, \"RowOrder\": 8, \"ShortName\": \"RS\"}, {\"Name\": \"ELC_CO2_BOUND_10%\", \"Checked\": false, \"RowOrder\": 9, \"ShortName\": \"RS\"}, {\"Name\": \"TRA_CO2_BOUND\", \"Checked\": false, \"RowOrder\": 10, \"ShortName\": \"RS\"}, {\"Name\": \"ElasticDem\", \"Checked\": false, \"RowOrder\": 11, \"ShortName\": \"RS\"}, {\"Name\": \"ELC_CO2_BOUND_20%\", \"Checked\": false, \"RowOrder\": 12, \"ShortName\": \"RS\"}, {\"Name\": \"UC_CO2BND\", \"Checked\": false, \"RowOrder\": 13, \"ShortName\": \"RS\"}, {\"Name\": \"UC_Growth\", \"Checked\": false, \"RowOrder\": 14, \"ShortName\": \"RS\"}, {\"Name\": \"ELC_CO2_BOUND_30%\", \"Checked\": false, \"RowOrder\": 15, \"ShortName\": \"RS\"}, {\"Name\": \"ELC_CO2_BOUND_40%\", \"Checked\": true, \"RowOrder\": 16, \"ShortName\": \"RS\"}, {\"Name\": \"TRA_CO2_BOUND_10%\", \"Checked\": false, \"RowOrder\": 17, \"ShortName\": \"RS\"}, {\"Name\": \"TRA_CO2_BOUND_20%\", \"Checked\": false, \"RowOrder\": 18, \"ShortName\": \"RS\"}, {\"Name\": \"TRA_CO2_BOUND_30%\", \"Checked\": false, \"RowOrder\": 19, \"ShortName\": \"RS\"}, {\"Name\": \"TRA_CO2_BOUND_40%\", \"Checked\": false, \"RowOrder\": 20, \"ShortName\": \"RS\"}, {\"Name\": \"TRA_CO2_BOUND_50%\", \"Checked\": false, \"RowOrder\": 21, \"ShortName\": \"RS\"}, {\"Name\": \"UC_CO2BND_50%\", \"Checked\": false, \"RowOrder\": 22, \"ShortName\": \"RS\"}]","CreatedOn":"2024-06-06 09:25","DisplayCreatedOn":"2024-06-06 09:25","UserName":"getppp_hy-iee_pc"},{"SavedGroupId":86,"GroupName":"DemoS_007-TRA10","GroupType":"Scenario","Settings":"[{\"Name\": \"BASE\", \"Checked\": true, \"RowOrder\": 0, \"ShortName\": \"B\"}, {\"Name\": \"NewTechs\", \"Checked\": true, \"RowOrder\": 1, \"ShortName\": \"SR\"}, {\"Name\": \"TRADE_PARAM\", \"Checked\": true, \"RowOrder\": 2, \"ShortName\": \"TS\"}, {\"Name\": \"SysSettings\", \"Checked\": true, \"RowOrder\": 3, \"ShortName\": \"SS\"}, {\"Name\": \"CO2_TAX\", \"Checked\": false, \"RowOrder\": 4, \"ShortName\": \"RS\"}, {\"Name\": \"Peak_RSV\", \"Checked\": true, \"RowOrder\": 5, \"ShortName\": \"RS\"}, {\"Name\": \"Refinery\", \"Checked\": true, \"RowOrder\": 6, \"ShortName\": \"RS\"}, {\"Name\": \"DemProj_DTCAR\", \"Checked\": true, \"RowOrder\": 7, \"ShortName\": \"RS\"}, {\"Name\": \"ELC_CO2_BOUND\", \"Checked\": false, \"RowOrder\": 8, \"ShortName\": \"RS\"}, {\"Name\": \"ELC_CO2_BOUND_10%\", \"Checked\": false, \"RowOrder\": 9, \"ShortName\": \"RS\"}, {\"Name\": \"TRA_CO2_BOUND\", \"Checked\": false, \"RowOrder\": 10, \"ShortName\": \"RS\"}, {\"Name\": \"ElasticDem\", \"Checked\": false, \"RowOrder\": 11, \"ShortName\": \"RS\"}, {\"Name\": \"ELC_CO2_BOUND_20%\", \"Checked\": false, \"RowOrder\": 12, \"ShortName\": \"RS\"}, {\"Name\": \"UC_CO2BND\", \"Checked\": false, \"RowOrder\": 13, \"ShortName\": \"RS\"}, {\"Name\": \"UC_Growth\", \"Checked\": false, \"RowOrder\": 14, \"ShortName\": \"RS\"}, {\"Name\": \"ELC_CO2_BOUND_30%\", \"Checked\": false, \"RowOrder\": 15, \"ShortName\": \"RS\"}, {\"Name\": \"ELC_CO2_BOUND_40%\", \"Checked\": false, \"RowOrder\": 16, \"ShortName\": \"RS\"}, {\"Name\": \"TRA_CO2_BOUND_10%\", \"Checked\": true, \"RowOrder\": 17, \"ShortName\": \"RS\"}, {\"Name\": \"TRA_CO2_BOUND_20%\", \"Checked\": false, \"RowOrder\": 18, \"ShortName\": \"RS\"}, {\"Name\": \"TRA_CO2_BOUND_30%\", \"Checked\": false, \"RowOrder\": 19, \"ShortName\": \"RS\"}, {\"Name\": \"TRA_CO2_BOUND_40%\", \"Checked\": false, \"RowOrder\": 20, \"ShortName\": \"RS\"}, {\"Name\": \"TRA_CO2_BOUND_50%\", \"Checked\": false, \"RowOrder\": 21, \"ShortName\": \"RS\"}, {\"Name\": \"UC_CO2BND_50%\", \"Checked\": false, \"RowOrder\": 22, \"ShortName\": \"RS\"}]","CreatedOn":"2024-06-06 09:26","DisplayCreatedOn":"2024-06-06 09:26","UserName":"getppp_hy-iee_pc"},{"SavedGroupId":87,"GroupName":"DemoS_007-TRA20","GroupType":"Scenario","Settings":"[{\"Name\": \"BASE\", \"Checked\": true, \"RowOrder\": 0, \"ShortName\": \"B\"}, {\"Name\": \"NewTechs\", \"Checked\": true, \"RowOrder\": 1, \"ShortName\": \"SR\"}, {\"Name\": \"TRADE_PARAM\", \"Checked\": true, \"RowOrder\": 2, \"ShortName\": \"TS\"}, {\"Name\": \"SysSettings\", \"Checked\": true, \"RowOrder\": 3, \"ShortName\": \"SS\"}, {\"Name\": \"CO2_TAX\", \"Checked\": false, \"RowOrder\": 4, \"ShortName\": \"RS\"}, {\"Name\": \"Peak_RSV\", \"Checked\": true, \"RowOrder\": 5, \"ShortName\": \"RS\"}, {\"Name\": \"Refinery\", \"Checked\": true, \"RowOrder\": 6, \"ShortName\": \"RS\"}, {\"Name\": \"DemProj_DTCAR\", \"Checked\": true, \"RowOrder\": 7, \"ShortName\": \"RS\"}, {\"Name\": \"ELC_CO2_BOUND\", \"Checked\": false, \"RowOrder\": 8, \"ShortName\": \"RS\"}, {\"Name\": \"ELC_CO2_BOUND_10%\", \"Checked\": false, \"RowOrder\": 9, \"ShortName\": \"RS\"}, {\"Name\": \"TRA_CO2_BOUND\", \"Checked\": false, \"RowOrder\": 10, \"ShortName\": \"RS\"}, {\"Name\": \"ElasticDem\", \"Checked\": false, \"RowOrder\": 11, \"ShortName\": \"RS\"}, {\"Name\": \"ELC_CO2_BOUND_20%\", \"Checked\": false, \"RowOrder\": 12, \"ShortName\": \"RS\"}, {\"Name\": \"UC_CO2BND\", \"Checked\": false, \"RowOrder\": 13, \"ShortName\": \"RS\"}, {\"Name\": \"UC_Growth\", \"Checked\": false, \"RowOrder\": 14, \"ShortName\": \"RS\"}, {\"Name\": \"ELC_CO2_BOUND_30%\", \"Checked\": false, \"RowOrder\": 15, \"ShortName\": \"RS\"}, {\"Name\": \"ELC_CO2_BOUND_40%\", \"Checked\": false, \"RowOrder\": 16, \"ShortName\": \"RS\"}, {\"Name\": \"TRA_CO2_BOUND_10%\", \"Checked\": false, \"RowOrder\": 17, \"ShortName\": \"RS\"}, {\"Name\": \"TRA_CO2_BOUND_20%\", \"Checked\": true, \"RowOrder\": 18, \"ShortName\": \"RS\"}, {\"Name\": \"TRA_CO2_BOUND_30%\", \"Checked\": false, \"RowOrder\": 19, \"ShortName\": \"RS\"}, {\"Name\": \"TRA_CO2_BOUND_40%\", \"Checked\": false, \"RowOrder\": 20, \"ShortName\": \"RS\"}, {\"Name\": \"TRA_CO2_BOUND_50%\", \"Checked\": false, \"RowOrder\": 21, \"ShortName\": \"RS\"}, {\"Name\": \"UC_CO2BND_50%\", \"Checked\": false, \"RowOrder\": 22, \"ShortName\": \"RS\"}]","CreatedOn":"2024-06-06 09:26","DisplayCreatedOn":"2024-06-06 09:26","UserName":"getppp_hy-iee_pc"},{"SavedGroupId":88,"GroupName":"DemoS_007-TRA30","GroupType":"Scenario","Settings":"[{\"Name\": \"BASE\", \"Checked\": true, \"RowOrder\": 0, \"ShortName\": \"B\"}, {\"Name\": \"NewTechs\", \"Checked\": true, \"RowOrder\": 1, \"ShortName\": \"SR\"}, {\"Name\": \"TRADE_PARAM\", \"Checked\": true, \"RowOrder\": 2, \"ShortName\": \"TS\"}, {\"Name\": \"SysSettings\", \"Checked\": true, \"RowOrder\": 3, \"ShortName\": \"SS\"}, {\"Name\": \"CO2_TAX\", \"Checked\": false, \"RowOrder\": 4, \"ShortName\": \"RS\"}, {\"Name\": \"Peak_RSV\", \"Checked\": true, \"RowOrder\": 5, \"ShortName\": \"RS\"}, {\"Name\": \"Refinery\", \"Checked\": true, \"RowOrder\": 6, \"ShortName\": \"RS\"}, {\"Name\": \"DemProj_DTCAR\", \"Checked\": true, \"RowOrder\": 7, \"ShortName\": \"RS\"}, {\"Name\": \"ELC_CO2_BOUND\", \"Checked\": false, \"RowOrder\": 8, \"ShortName\": \"RS\"}, {\"Name\": \"ELC_CO2_BOUND_10%\", \"Checked\": false, \"RowOrder\": 9, \"ShortName\": \"RS\"}, {\"Name\": \"TRA_CO2_BOUND\", \"Checked\": false, \"RowOrder\": 10, \"ShortName\": \"RS\"}, {\"Name\": \"ElasticDem\", \"Checked\": false, \"RowOrder\": 11, \"ShortName\": \"RS\"}, {\"Name\": \"ELC_CO2_BOUND_20%\", \"Checked\": false, \"RowOrder\": 12, \"ShortName\": \"RS\"}, {\"Name\": \"UC_CO2BND\", \"Checked\": false, \"RowOrder\": 13, \"ShortName\": \"RS\"}, {\"Name\": \"UC_Growth\", \"Checked\": false, \"RowOrder\": 14, \"ShortName\": \"RS\"}, {\"Name\": \"ELC_CO2_BOUND_30%\", \"Checked\": false, \"RowOrder\": 15, \"ShortName\": \"RS\"}, {\"Name\": \"ELC_CO2_BOUND_40%\", \"Checked\": false, \"RowOrder\": 16, \"ShortName\": \"RS\"}, {\"Name\": \"TRA_CO2_BOUND_10%\", \"Checked\": false, \"RowOrder\": 17, \"ShortName\": \"RS\"}, {\"Name\": \"TRA_CO2_BOUND_20%\", \"Checked\": false, \"RowOrder\": 18, \"ShortName\": \"RS\"}, {\"Name\": \"TRA_CO2_BOUND_30%\", \"Checked\": true, \"RowOrder\": 19, \"ShortName\": \"RS\"}, {\"Name\": \"TRA_CO2_BOUND_40%\", \"Checked\": false, \"RowOrder\": 20, \"ShortName\": \"RS\"}, {\"Name\": \"TRA_CO2_BOUND_50%\", \"Checked\": false, \"RowOrder\": 21, \"ShortName\": \"RS\"}, {\"Name\": \"UC_CO2BND_50%\", \"Checked\": false, \"RowOrder\": 22, \"ShortName\": \"RS\"}]","CreatedOn":"2024-06-06 09:26","DisplayCreatedOn":"2024-06-06 09:26","UserName":"getppp_hy-iee_pc"},{"SavedGroupId":89,"GroupName":"DemoS_007-TRA40","GroupType":"Scenario","Settings":"[{\"Name\": \"BASE\", \"Checked\": true, \"RowOrder\": 0, \"ShortName\": \"B\"}, {\"Name\": \"NewTechs\", \"Checked\": true, \"RowOrder\": 1, \"ShortName\": \"SR\"}, {\"Name\": \"TRADE_PARAM\", \"Checked\": true, \"RowOrder\": 2, \"ShortName\": \"TS\"}, {\"Name\": \"SysSettings\", \"Checked\": true, \"RowOrder\": 3, \"ShortName\": \"SS\"}, {\"Name\": \"CO2_TAX\", \"Checked\": false, \"RowOrder\": 4, \"ShortName\": \"RS\"}, {\"Name\": \"Peak_RSV\", \"Checked\": true, \"RowOrder\": 5, \"ShortName\": \"RS\"}, {\"Name\": \"Refinery\", \"Checked\": true, \"RowOrder\": 6, \"ShortName\": \"RS\"}, {\"Name\": \"DemProj_DTCAR\", \"Checked\": true, \"RowOrder\": 7, \"ShortName\": \"RS\"}, {\"Name\": \"ELC_CO2_BOUND\", \"Checked\": false, \"RowOrder\": 8, \"ShortName\": \"RS\"}, {\"Name\": \"ELC_CO2_BOUND_10%\", \"Checked\": false, \"RowOrder\": 9, \"ShortName\": \"RS\"}, {\"Name\": \"TRA_CO2_BOUND\", \"Checked\": false, \"RowOrder\": 10, \"ShortName\": \"RS\"}, {\"Name\": \"ElasticDem\", \"Checked\": false, \"RowOrder\": 11, \"ShortName\": \"RS\"}, {\"Name\": \"ELC_CO2_BOUND_20%\", \"Checked\": false, \"RowOrder\": 12, \"ShortName\": \"RS\"}, {\"Name\": \"UC_CO2BND\", \"Checked\": false, \"RowOrder\": 13, \"ShortName\": \"RS\"}, {\"Name\": \"UC_Growth\", \"Checked\": false, \"RowOrder\": 14, \"ShortName\": \"RS\"}, {\"Name\": \"ELC_CO2_BOUND_30%\", \"Checked\": false, \"RowOrder\": 15, \"ShortName\": \"RS\"}, {\"Name\": \"ELC_CO2_BOUND_40%\", \"Checked\": false, \"RowOrder\": 16, \"ShortName\": \"RS\"}, {\"Name\": \"TRA_CO2_BOUND_10%\", \"Checked\": false, \"RowOrder\": 17, \"ShortName\": \"RS\"}, {\"Name\": \"TRA_CO2_BOUND_20%\", \"Checked\": false, \"RowOrder\": 18, \"ShortName\": \"RS\"}, {\"Name\": \"TRA_CO2_BOUND_30%\", \"Checked\": false, \"RowOrder\": 19, \"ShortName\": \"RS\"}, {\"Name\": \"TRA_CO2_BOUND_40%\", \"Checked\": true, \"RowOrder\": 20, \"ShortName\": \"RS\"}, {\"Name\": \"TRA_CO2_BOUND_50%\", \"Checked\": false, \"RowOrder\": 21, \"ShortName\": \"RS\"}, {\"Name\": \"UC_CO2BND_50%\", \"Checked\": false, \"RowOrder\": 22, \"ShortName\": \"RS\"}]","CreatedOn":"2024-06-06 09:27","DisplayCreatedOn":"2024-06-06 09:27","UserName":"getppp_hy-iee_pc"},{"SavedGroupId":90,"GroupName":"DemoS_007-TRA50","GroupType":"Scenario","Settings":"[{\"Name\": \"BASE\", \"Checked\": true, \"RowOrder\": 0, \"ShortName\": \"B\"}, {\"Name\": \"NewTechs\", \"Checked\": true, \"RowOrder\": 1, \"ShortName\": \"SR\"}, {\"Name\": \"TRADE_PARAM\", \"Checked\": true, \"RowOrder\": 2, \"ShortName\": \"TS\"}, {\"Name\": \"SysSettings\", \"Checked\": true, \"RowOrder\": 3, \"ShortName\": \"SS\"}, {\"Name\": \"CO2_TAX\", \"Checked\": false, \"RowOrder\": 4, \"ShortName\": \"RS\"}, {\"Name\": \"Peak_RSV\", \"Checked\": true, \"RowOrder\": 5, \"ShortName\": \"RS\"}, {\"Name\": \"Refinery\", \"Checked\": true, \"RowOrder\": 6, \"ShortName\": \"RS\"}, {\"Name\": \"DemProj_DTCAR\", \"Checked\": true, \"RowOrder\": 7, \"ShortName\": \"RS\"}, {\"Name\": \"ELC_CO2_BOUND\", \"Checked\": false, \"RowOrder\": 8, \"ShortName\": \"RS\"}, {\"Name\": \"ELC_CO2_BOUND_10%\", \"Checked\": false, \"RowOrder\": 9, \"ShortName\": \"RS\"}, {\"Name\": \"TRA_CO2_BOUND\", \"Checked\": false, \"RowOrder\": 10, \"ShortName\": \"RS\"}, {\"Name\": \"ElasticDem\", \"Checked\": false, \"RowOrder\": 11, \"ShortName\": \"RS\"}, {\"Name\": \"ELC_CO2_BOUND_20%\", \"Checked\": false, \"RowOrder\": 12, \"ShortName\": \"RS\"}, {\"Name\": \"UC_CO2BND\", \"Checked\": false, \"RowOrder\": 13, \"ShortName\": \"RS\"}, {\"Name\": \"UC_Growth\", \"Checked\": false, \"RowOrder\": 14, \"ShortName\": \"RS\"}, {\"Name\": \"ELC_CO2_BOUND_30%\", \"Checked\": false, \"RowOrder\": 15, \"ShortName\": \"RS\"}, {\"Name\": \"ELC_CO2_BOUND_40%\", \"Checked\": false, \"RowOrder\": 16, \"ShortName\": \"RS\"}, {\"Name\": \"TRA_CO2_BOUND_10%\", \"Checked\": false, \"RowOrder\": 17, \"ShortName\": \"RS\"}, {\"Name\": \"TRA_CO2_BOUND_20%\", \"Checked\": false, \"RowOrder\": 18, \"ShortName\": \"RS\"}, {\"Name\": \"TRA_CO2_BOUND_30%\", \"Checked\": false, \"RowOrder\": 19, \"ShortName\": \"RS\"}, {\"Name\": \"TRA_CO2_BOUND_40%\", \"Checked\": false, \"RowOrder\": 20, \"ShortName\": \"RS\"}, {\"Name\": \"TRA_CO2_BOUND_50%\", \"Checked\": true, \"RowOrder\": 21, \"ShortName\": \"RS\"}, {\"Name\": \"UC_CO2BND_50%\", \"Checked\": false, \"RowOrder\": 22, \"ShortName\": \"RS\"}]","CreatedOn":"2024-06-06 09:27","DisplayCreatedOn":"2024-06-06 09:27","UserName":"getppp_hy-iee_pc"},{"SavedGroupId":91,"GroupName":"DemoS_003-ELC10","GroupType":"Scenario","Settings":"[{\"Name\": \"BASE\", \"Checked\": true, \"RowOrder\": 0, \"ShortName\": \"B\"}, {\"Name\": \"NewTechs\", \"Checked\": true, \"RowOrder\": 1, \"ShortName\": \"SR\"}, {\"Name\": \"TRADE_PARAM\", \"Checked\": true, \"RowOrder\": 2, \"ShortName\": \"TS\"}, {\"Name\": \"SysSettings\", \"Checked\": true, \"RowOrder\": 3, \"ShortName\": \"SS\"}, {\"Name\": \"Peak_RSV\", \"Checked\": false, \"RowOrder\": 4, \"ShortName\": \"RS\"}, {\"Name\": \"CO2_TAX\", \"Checked\": false, \"RowOrder\": 5, \"ShortName\": \"RS\"}, {\"Name\": \"Refinery\", \"Checked\": false, \"RowOrder\": 6, \"ShortName\": \"RS\"}, {\"Name\": \"DemProj_DTCAR\", \"Checked\": false, \"RowOrder\": 7, \"ShortName\": \"RS\"}, {\"Name\": \"UC_Growth\", \"Checked\": false, \"RowOrder\": 8, \"ShortName\": \"RS\"}, {\"Name\": \"ElasticDem\", \"Checked\": false, \"RowOrder\": 9, \"ShortName\": \"RS\"}, {\"Name\": \"ELC_CO2_BOUND\", \"Checked\": false, \"RowOrder\": 10, \"ShortName\": \"RS\"}, {\"Name\": \"ELC_CO2_BOUND_10%\", \"Checked\": true, \"RowOrder\": 11, \"ShortName\": \"RS\"}, {\"Name\": \"ELC_CO2_BOUND_20%\", \"Checked\": false, \"RowOrder\": 12, \"ShortName\": \"RS\"}, {\"Name\": \"TRA_CO2_BOUND\", \"Checked\": false, \"RowOrder\": 13, \"ShortName\": \"RS\"}, {\"Name\": \"ELC_CO2_BOUND_30%\", \"Checked\": false, \"RowOrder\": 14, \"ShortName\": \"RS\"}, {\"Name\": \"UC_CO2BND\", \"Checked\": false, \"RowOrder\": 15, \"ShortName\": \"RS\"}, {\"Name\": \"ELC_CO2_BOUND_40%\", \"Checked\": false, \"RowOrder\": 16, \"ShortName\": \"RS\"}, {\"Name\": \"TRA_CO2_BOUND_10%\", \"Checked\": false, \"RowOrder\": 17, \"ShortName\": \"RS\"}, {\"Name\": \"TRA_CO2_BOUND_20%\", \"Checked\": false, \"RowOrder\": 18, \"ShortName\": \"RS\"}, {\"Name\": \"TRA_CO2_BOUND_30%\", \"Checked\": false, \"RowOrder\": 19, \"ShortName\": \"RS\"}, {\"Name\": \"TRA_CO2_BOUND_40%\", \"Checked\": false, \"RowOrder\": 20, \"ShortName\": \"RS\"}, {\"Name\": \"TRA_CO2_BOUND_50%\", \"Checked\": false, \"RowOrder\": 21, \"ShortName\": \"RS\"}, {\"Name\": \"UC_CO2BND_50%\", \"Checked\": false, \"RowOrder\": 22, \"ShortName\": \"RS\"}]","CreatedOn":"2024-06-06 11:03","DisplayCreatedOn":"2024-06-06 11:03","UserName":"getppp_hy-iee_pc"},{"SavedGroupId":92,"GroupName":"DemoS_003-ELC20","GroupType":"Scenario","Settings":"[{\"Name\": \"BASE\", \"Checked\": true, \"RowOrder\": 0, \"ShortName\": \"B\"}, {\"Name\": \"NewTechs\", \"Checked\": true, \"RowOrder\": 1, \"ShortName\": \"SR\"}, {\"Name\": \"TRADE_PARAM\", \"Checked\": true, \"RowOrder\": 2, \"ShortName\": \"TS\"}, {\"Name\": \"SysSettings\", \"Checked\": true, \"RowOrder\": 3, \"ShortName\": \"SS\"}, {\"Name\": \"Peak_RSV\", \"Checked\": false, \"RowOrder\": 4, \"ShortName\": \"RS\"}, {\"Name\": \"CO2_TAX\", \"Checked\": false, \"RowOrder\": 5, \"ShortName\": \"RS\"}, {\"Name\": \"Refinery\", \"Checked\": false, \"RowOrder\": 6, \"ShortName\": \"RS\"}, {\"Name\": \"DemProj_DTCAR\", \"Checked\": false, \"RowOrder\": 7, \"ShortName\": \"RS\"}, {\"Name\": \"UC_Growth\", \"Checked\": false, \"RowOrder\": 8, \"ShortName\": \"RS\"}, {\"Name\": \"ElasticDem\", \"Checked\": false, \"RowOrder\": 9, \"ShortName\": \"RS\"}, {\"Name\": \"ELC_CO2_BOUND\", \"Checked\": false, \"RowOrder\": 10, \"ShortName\": \"RS\"}, {\"Name\": \"ELC_CO2_BOUND_10%\", \"Checked\": false, \"RowOrder\": 11, \"ShortName\": \"RS\"}, {\"Name\": \"ELC_CO2_BOUND_20%\", \"Checked\": true, \"RowOrder\": 12, \"ShortName\": \"RS\"}, {\"Name\": \"TRA_CO2_BOUND\", \"Checked\": false, \"RowOrder\": 13, \"ShortName\": \"RS\"}, {\"Name\": \"ELC_CO2_BOUND_30%\", \"Checked\": false, \"RowOrder\": 14, \"ShortName\": \"RS\"}, {\"Name\": \"UC_CO2BND\", \"Checked\": false, \"RowOrder\": 15, \"ShortName\": \"RS\"}, {\"Name\": \"ELC_CO2_BOUND_40%\", \"Checked\": false, \"RowOrder\": 16, \"ShortName\": \"RS\"}, {\"Name\": \"TRA_CO2_BOUND_10%\", \"Checked\": false, \"RowOrder\": 17, \"ShortName\": \"RS\"}, {\"Name\": \"TRA_CO2_BOUND_20%\", \"Checked\": false, \"RowOrder\": 18, \"ShortName\": \"RS\"}, {\"Name\": \"TRA_CO2_BOUND_30%\", \"Checked\": false, \"RowOrder\": 19, \"ShortName\": \"RS\"}, {\"Name\": \"TRA_CO2_BOUND_40%\", \"Checked\": false, \"RowOrder\": 20, \"ShortName\": \"RS\"}, {\"Name\": \"TRA_CO2_BOUND_50%\", \"Checked\": false, \"RowOrder\": 21, \"ShortName\": \"RS\"}, {\"Name\": \"UC_CO2BND_50%\", \"Checked\": false, \"RowOrder\": 22, \"ShortName\": \"RS\"}]","CreatedOn":"2024-06-06 11:03","DisplayCreatedOn":"2024-06-06 11:03","UserName":"getppp_hy-iee_pc"},{"SavedGroupId":93,"GroupName":"DemoS_003-ELC30","GroupType":"Scenario","Settings":"[{\"Name\": \"BASE\", \"Checked\": true, \"RowOrder\": 0, \"ShortName\": \"B\"}, {\"Name\": \"NewTechs\", \"Checked\": true, \"RowOrder\": 1, \"ShortName\": \"SR\"}, {\"Name\": \"TRADE_PARAM\", \"Checked\": true, \"RowOrder\": 2, \"ShortName\": \"TS\"}, {\"Name\": \"SysSettings\", \"Checked\": true, \"RowOrder\": 3, \"ShortName\": \"SS\"}, {\"Name\": \"Peak_RSV\", \"Checked\": false, \"RowOrder\": 4, \"ShortName\": \"RS\"}, {\"Name\": \"CO2_TAX\", \"Checked\": false, \"RowOrder\": 5, \"ShortName\": \"RS\"}, {\"Name\": \"Refinery\", \"Checked\": false, \"RowOrder\": 6, \"ShortName\": \"RS\"}, {\"Name\": \"DemProj_DTCAR\", \"Checked\": false, \"RowOrder\": 7, \"ShortName\": \"RS\"}, {\"Name\": \"UC_Growth\", \"Checked\": false, \"RowOrder\": 8, \"ShortName\": \"RS\"}, {\"Name\": \"ElasticDem\", \"Checked\": false, \"RowOrder\": 9, \"ShortName\": \"RS\"}, {\"Name\": \"ELC_CO2_BOUND\", \"Checked\": false, \"RowOrder\": 10, \"ShortName\": \"RS\"}, {\"Name\": \"ELC_CO2_BOUND_10%\", \"Checked\": false, \"RowOrder\": 11, \"ShortName\": \"RS\"}, {\"Name\": \"ELC_CO2_BOUND_20%\", \"Checked\": false, \"RowOrder\": 12, \"ShortName\": \"RS\"}, {\"Name\": \"TRA_CO2_BOUND\", \"Checked\": false, \"RowOrder\": 13, \"ShortName\": \"RS\"}, {\"Name\": \"ELC_CO2_BOUND_30%\", \"Checked\": true, \"RowOrder\": 14, \"ShortName\": \"RS\"}, {\"Name\": \"UC_CO2BND\", \"Checked\": false, \"RowOrder\": 15, \"ShortName\": \"RS\"}, {\"Name\": \"ELC_CO2_BOUND_40%\", \"Checked\": false, \"RowOrder\": 16, \"ShortName\": \"RS\"}, {\"Name\": \"TRA_CO2_BOUND_10%\", \"Checked\": false, \"RowOrder\": 17, \"ShortName\": \"RS\"}, {\"Name\": \"TRA_CO2_BOUND_20%\", \"Checked\": false, \"RowOrder\": 18, \"ShortName\": \"RS\"}, {\"Name\": \"TRA_CO2_BOUND_30%\", \"Checked\": false, \"RowOrder\": 19, \"ShortName\": \"RS\"}, {\"Name\": \"TRA_CO2_BOUND_40%\", \"Checked\": false, \"RowOrder\": 20, \"ShortName\": \"RS\"}, {\"Name\": \"TRA_CO2_BOUND_50%\", \"Checked\": false, \"RowOrder\": 21, \"ShortName\": \"RS\"}, {\"Name\": \"UC_CO2BND_50%\", \"Checked\": false, \"RowOrder\": 22, \"ShortName\": \"RS\"}]","CreatedOn":"2024-06-06 11:03","DisplayCreatedOn":"2024-06-06 11:03","UserName":"getppp_hy-iee_pc"},{"SavedGroupId":94,"GroupName":"DemoS_003-ELC40","GroupType":"Scenario","Settings":"[{\"Name\": \"BASE\", \"Checked\": true, \"RowOrder\": 0, \"ShortName\": \"B\"}, {\"Name\": \"NewTechs\", \"Checked\": true, \"RowOrder\": 1, \"ShortName\": \"SR\"}, {\"Name\": \"TRADE_PARAM\", \"Checked\": true, \"RowOrder\": 2, \"ShortName\": \"TS\"}, {\"Name\": \"SysSettings\", \"Checked\": true, \"RowOrder\": 3, \"ShortName\": \"SS\"}, {\"Name\": \"Peak_RSV\", \"Checked\": false, \"RowOrder\": 4, \"ShortName\": \"RS\"}, {\"Name\": \"CO2_TAX\", \"Checked\": false, \"RowOrder\": 5, \"ShortName\": \"RS\"}, {\"Name\": \"Refinery\", \"Checked\": false, \"RowOrder\": 6, \"ShortName\": \"RS\"}, {\"Name\": \"DemProj_DTCAR\", \"Checked\": false, \"RowOrder\": 7, \"ShortName\": \"RS\"}, {\"Name\": \"UC_Growth\", \"Checked\": false, \"RowOrder\": 8, \"ShortName\": \"RS\"}, {\"Name\": \"ElasticDem\", \"Checked\": false, \"RowOrder\": 9, \"ShortName\": \"RS\"}, {\"Name\": \"ELC_CO2_BOUND\", \"Checked\": false, \"RowOrder\": 10, \"ShortName\": \"RS\"}, {\"Name\": \"ELC_CO2_BOUND_10%\", \"Checked\": false, \"RowOrder\": 11, \"ShortName\": \"RS\"}, {\"Name\": \"ELC_CO2_BOUND_20%\", \"Checked\": false, \"RowOrder\": 12, \"ShortName\": \"RS\"}, {\"Name\": \"TRA_CO2_BOUND\", \"Checked\": false, \"RowOrder\": 13, \"ShortName\": \"RS\"}, {\"Name\": \"ELC_CO2_BOUND_30%\", \"Checked\": false, \"RowOrder\": 14, \"ShortName\": \"RS\"}, {\"Name\": \"UC_CO2BND\", \"Checked\": false, \"RowOrder\": 15, \"ShortName\": \"RS\"}, {\"Name\": \"ELC_CO2_BOUND_40%\", \"Checked\": true, \"RowOrder\": 16, \"ShortName\": \"RS\"}, {\"Name\": \"TRA_CO2_BOUND_10%\", \"Checked\": false, \"RowOrder\": 17, \"ShortName\": \"RS\"}, {\"Name\": \"TRA_CO2_BOUND_20%\", \"Checked\": false, \"RowOrder\": 18, \"ShortName\": \"RS\"}, {\"Name\": \"TRA_CO2_BOUND_30%\", \"Checked\": false, \"RowOrder\": 19, \"ShortName\": \"RS\"}, {\"Name\": \"TRA_CO2_BOUND_40%\", \"Checked\": false, \"RowOrder\": 20, \"ShortName\": \"RS\"}, {\"Name\": \"TRA_CO2_BOUND_50%\", \"Checked\": false, \"RowOrder\": 21, \"ShortName\": \"RS\"}, {\"Name\": \"UC_CO2BND_50%\", \"Checked\": false, \"RowOrder\": 22, \"ShortName\": \"RS\"}]","CreatedOn":"2024-06-06 11:04","DisplayCreatedOn":"2024-06-06 11:04","UserName":"getppp_hy-iee_pc"},{"SavedGroupId":95,"GroupName":"DemoS_003-TRA10","GroupType":"Scenario","Settings":"[{\"Name\": \"BASE\", \"Checked\": true, \"RowOrder\": 0, \"ShortName\": \"B\"}, {\"Name\": \"NewTechs\", \"Checked\": true, \"RowOrder\": 1, \"ShortName\": \"SR\"}, {\"Name\": \"TRADE_PARAM\", \"Checked\": true, \"RowOrder\": 2, \"ShortName\": \"TS\"}, {\"Name\": \"SysSettings\", \"Checked\": true, \"RowOrder\": 3, \"ShortName\": \"SS\"}, {\"Name\": \"Peak_RSV\", \"Checked\": false, \"RowOrder\": 4, \"ShortName\": \"RS\"}, {\"Name\": \"CO2_TAX\", \"Checked\": false, \"RowOrder\": 5, \"ShortName\": \"RS\"}, {\"Name\": \"Refinery\", \"Checked\": false, \"RowOrder\": 6, \"ShortName\": \"RS\"}, {\"Name\": \"DemProj_DTCAR\", \"Checked\": false, \"RowOrder\": 7, \"ShortName\": \"RS\"}, {\"Name\": \"UC_Growth\", \"Checked\": false, \"RowOrder\": 8, \"ShortName\": \"RS\"}, {\"Name\": \"ElasticDem\", \"Checked\": false, \"RowOrder\": 9, \"ShortName\": \"RS\"}, {\"Name\": \"ELC_CO2_BOUND\", \"Checked\": false, \"RowOrder\": 10, \"ShortName\": \"RS\"}, {\"Name\": \"ELC_CO2_BOUND_10%\", \"Checked\": false, \"RowOrder\": 11, \"ShortName\": \"RS\"}, {\"Name\": \"ELC_CO2_BOUND_20%\", \"Checked\": false, \"RowOrder\": 12, \"ShortName\": \"RS\"}, {\"Name\": \"TRA_CO2_BOUND\", \"Checked\": false, \"RowOrder\": 13, \"ShortName\": \"RS\"}, {\"Name\": \"ELC_CO2_BOUND_30%\", \"Checked\": false, \"RowOrder\": 14, \"ShortName\": \"RS\"}, {\"Name\": \"UC_CO2BND\", \"Checked\": false, \"RowOrder\": 15, \"ShortName\": \"RS\"}, {\"Name\": \"ELC_CO2_BOUND_40%\", \"Checked\": false, \"RowOrder\": 16, \"ShortName\": \"RS\"}, {\"Name\": \"TRA_CO2_BOUND_10%\", \"Checked\": true, \"RowOrder\": 17, \"ShortName\": \"RS\"}, {\"Name\": \"TRA_CO2_BOUND_20%\", \"Checked\": false, \"RowOrder\": 18, \"ShortName\": \"RS\"}, {\"Name\": \"TRA_CO2_BOUND_30%\", \"Checked\": false, \"RowOrder\": 19, \"ShortName\": \"RS\"}, {\"Name\": \"TRA_CO2_BOUND_40%\", \"Checked\": false, \"RowOrder\": 20, \"ShortName\": \"RS\"}, {\"Name\": \"TRA_CO2_BOUND_50%\", \"Checked\": false, \"RowOrder\": 21, \"ShortName\": \"RS\"}, {\"Name\": \"UC_CO2BND_50%\", \"Checked\": false, \"RowOrder\": 22, \"ShortName\": \"RS\"}]","CreatedOn":"2024-06-06 11:04","DisplayCreatedOn":"2024-06-06 11:04","UserName":"getppp_hy-iee_pc"},{"SavedGroupId":75,"GroupName":"AllScenario","GroupType":"Scenario","Settings":"[{\"Name\": \"BASE\", \"Checked\": true, \"RowOrder\": 1, \"ShortName\": \"B\", \"FileStatus\": \"Consistent\", \"RecordCount\": 184}, {\"Name\": \"NewTechs\", \"Checked\": true, \"RowOrder\": 2, \"ShortName\": \"SR\", \"FileStatus\": \"Consistent\", \"RecordCount\": 83}, {\"Name\": \"SysSettings\", \"Checked\": true, \"RowOrder\": 3, \"ShortName\": \"SS\", \"FileStatus\": \"Consistent\", \"RecordCount\": 7}, {\"Name\": \"TRADE_PARAM\", \"Checked\": false, \"RowOrder\": 4, \"ShortName\": \"TS\", \"FileStatus\": \"Consistent\", \"RecordCount\": 0}, {\"Name\": \"CO2_TAX\", \"Checked\": true, \"RowOrder\": 5, \"ShortName\": \"RS\", \"FileStatus\": \"Consistent\", \"RecordCount\": 3}, {\"Name\": \"DemProj_DTCAR\", \"Checked\": false, \"RowOrder\": 6, \"ShortName\": \"RS\", \"FileStatus\": \"Consistent\", \"RecordCount\": 0}, {\"Name\": \"ElasticDem\", \"Checked\": false, \"RowOrder\": 7, \"ShortName\": \"RS\", \"FileStatus\": \"Consistent\", \"RecordCount\": 0}, {\"Name\": \"ELC_CO2_BOUND\", \"Checked\": true, \"RowOrder\": 8, \"ShortName\": \"RS\", \"FileStatus\": \"Consistent\", \"RecordCount\": 3}, {\"Name\": \"ELC_CO2_BOUND_10%\", \"Checked\": true, \"RowOrder\": 9, \"ShortName\": \"RS\", \"FileStatus\": \"Consistent\", \"RecordCount\": 3}, {\"Name\": \"ELC_CO2_BOUND_20%\", \"Checked\": true, \"RowOrder\": 10, \"ShortName\": \"RS\", \"FileStatus\": \"Consistent\", \"RecordCount\": 3}, {\"Name\": \"ELC_CO2_BOUND_30%\", \"Checked\": true, \"RowOrder\": 11, \"ShortName\": \"RS\", \"FileStatus\": \"Consistent\", \"RecordCount\": 3}, {\"Name\": \"ELC_CO2_BOUND_40%\", \"Checked\": true, \"RowOrder\": 12, \"ShortName\": \"RS\", \"FileStatus\": \"Consistent\", \"RecordCount\": 3}, {\"Name\": \"Peak_RSV\", \"Checked\": true, \"RowOrder\": 13, \"ShortName\": \"RS\", \"FileStatus\": \"Consistent\", \"RecordCount\": 3}, {\"Name\": \"Refinery\", \"Checked\": false, \"RowOrder\": 14, \"ShortName\": \"RS\", \"FileStatus\": \"Consistent\", \"RecordCount\": 0}, {\"Name\": \"TRA_CO2_BOUND\", \"Checked\": true, \"RowOrder\": 15, \"ShortName\": \"RS\", \"FileStatus\": \"Consistent\", \"RecordCount\": 3}, {\"Name\": \"TRA_CO2_BOUND_10%\", \"Checked\": true, \"RowOrder\": 16, \"ShortName\": \"RS\", \"FileStatus\": \"Consistent\", \"RecordCount\": 3}, {\"Name\": \"TRA_CO2_BOUND_20%\", \"Checked\": true, \"RowOrder\": 17, \"ShortName\": \"RS\", \"FileStatus\": \"Consistent\", \"RecordCount\": 3}, {\"Name\": \"TRA_CO2_BOUND_30%\", \"Checked\": true, \"RowOrder\": 18, \"ShortName\": \"RS\", \"FileStatus\": \"Consistent\", \"RecordCount\": 3}, {\"Name\": \"TRA_CO2_BOUND_40%\", \"Checked\": true, \"RowOrder\": 19, \"ShortName\": \"RS\", \"FileStatus\": \"Consistent\", \"RecordCount\": 3}, {\"Name\": \"TRA_CO2_BOUND_50%\", \"Checked\": true, \"RowOrder\": 20, \"ShortName\": \"RS\", \"FileStatus\": \"Consistent\", \"RecordCount\": 3}, {\"Name\": \"UC_CO2BND\", \"Checked\": true, \"RowOrder\": 21, \"ShortName\": \"RS\", \"FileStatus\": \"Consistent\", \"RecordCount\": 9}, {\"Name\": \"UC_CO2BND_50%\", \"Checked\": true, \"RowOrder\": 22, \"ShortName\": \"RS\", \"FileStatus\": \"Consistent\", \"RecordCount\": 9}, {\"Name\": \"UC_Growth\", \"Checked\": true, \"RowOrder\": 23, \"ShortName\": \"RS\", \"FileStatus\": \"Consistent\", \"RecordCount\": 4}]","CreatedOn":"2024-06-06 10:59","DisplayCreatedOn":"2024-06-06 10:59","UserName":"getppp_hy-iee_pc"},{"SavedGroupId":76,"GroupName":"AllRegion","GroupType":"Region","Settings":"[\"REG1\"]","CreatedOn":"2024-06-06 10:59","DisplayCreatedOn":"2024-06-06 10:59","UserName":"getppp_hy-iee_pc"},{"SavedGroupId":77,"GroupName":"DefaultProperties","GroupType":"Properties","Settings":"{\"OptCa\": null, \"OptCr\": null, \"Damage\": 2, \"LimCol\": 0, \"LimRow\": 0, \"Oblong\": true, \"ResLim\": 50000, \"Retire\": false, \"IterLim\": 999999, \"SolPrint\": false, \"Uncertainty\": 0, \"RunInStepsOf\": 0, \"ClimateModule\": false, \"LinearVarCost\": true, \"LevelizedCosts\": 3, \"GamsOptionBratio\": \"\", \"DiscreteInvestment\": false, \"DoExtendedQaChecks\": false, \"GeneralEquilibrium\": 3, \"MidYearDiscounting\": true, \"ObjFunctionVariant\": 0, \"ShiftDiscountingBy\": 0, \"Co2CalibrationAtBoh\": false, \"UseSlackVariablesInUc\": false, \"DiscreteUnitCommitment\": false, \"EndoGenousTechLearning\": false, \"WriteBPriceforElastDem\": false, \"SaveSolutionInformation\": false, \"TsForFlowReportingTypes\": 0, \"UseLastRunAsStartingPoint\": false, \"ActivateSensitivityAnalysis\": false}","CreatedOn":"2024-06-06 10:59","DisplayCreatedOn":"2024-06-06 10:59","UserName":"getppp_hy-iee_pc"},{"SavedGroupId":78,"GroupName":"DemoS_007","GroupType":"Scenario","Settings":"[{\"Name\": \"BASE\", \"Checked\": true, \"RowOrder\": 0, \"ShortName\": \"B\"}, {\"Name\": \"NewTechs\", \"Checked\": true, \"RowOrder\": 1, \"ShortName\": \"SR\"}, {\"Name\": \"TRADE_PARAM\", \"Checked\": true, \"RowOrder\": 2, \"ShortName\": \"TS\"}, {\"Name\": \"SysSettings\", \"Checked\": true, \"RowOrder\": 3, \"ShortName\": \"SS\"}, {\"Name\": \"Peak_RSV\", \"Checked\": true, \"RowOrder\": 4, \"ShortName\": \"RS\"}, {\"Name\": \"Refinery\", \"Checked\": true, \"RowOrder\": 5, \"ShortName\": \"RS\"}, {\"Name\": \"DemProj_DTCAR\", \"Checked\": true, \"RowOrder\": 6, \"ShortName\": \"RS\"}, {\"Name\": \"UC_Growth\", \"Checked\": false, \"RowOrder\": 7, \"ShortName\": \"RS\"}, {\"Name\": \"ElasticDem\", \"Checked\": false, \"RowOrder\": 8, \"ShortName\": \"RS\"}, {\"Name\": \"ELC_CO2_BOUND\", \"Checked\": false, \"RowOrder\": 9, \"ShortName\": \"RS\"}, {\"Name\": \"TRA_CO2_BOUND\", \"Checked\": false, \"RowOrder\": 10, \"ShortName\": \"RS\"}, {\"Name\": \"UC_CO2BND\", \"Checked\": false, \"RowOrder\": 11, \"ShortName\": \"RS\"}]","CreatedOn":"2017-07-06 14:21","DisplayCreatedOn":"2017-07-06 14:21","UserName":"getppp_hy-iee_pc"},{"SavedGroupId":79,"GroupName":"DemoS_007a","GroupType":"Scenario","Settings":"[{\"Name\": \"BASE\", \"Checked\": \"true\", \"RowOrder\": \"1\", \"ShortName\": \"B\"}, {\"Name\": \"NewTechs\", \"Checked\": \"true\", \"RowOrder\": \"2\", \"ShortName\": \"SR\"}, {\"Name\": \"TRADE_PARAM\", \"Checked\": \"true\", \"RowOrder\": \"3\", \"ShortName\": \"TS\"}, {\"Name\": \"SysSettings\", \"Checked\": \"true\", \"RowOrder\": \"4\", \"ShortName\": \"SS\"}, {\"Name\": \"Peak_RSV\", \"Checked\": \"true\", \"RowOrder\": \"5\", \"ShortName\": \"RS\"}, {\"Name\": \"Refinery\", \"Checked\": \"true\", \"RowOrder\": \"6\", \"ShortName\": \"RS\"}, {\"Name\": \"DemProj_DTCAR\", \"Checked\": \"true\", \"RowOrder\": \"7\", \"ShortName\": \"RS\"}, {\"Name\": \"ELC_CO2_BOUND\", \"Checked\": \"true\", \"RowOrder\": \"8\", \"ShortName\": \"RS\"}, {\"Name\": \"TRA_CO2_BOUND\", \"Checked\": \"true\", \"RowOrder\": \"9\", \"ShortName\": \"RS\"}, {\"Name\": \"UC_Growth\", \"Checked\": \"false\", \"RowOrder\": \"10\", \"ShortName\": \"RS\"}, {\"Name\": \"ElasticDem\", \"Checked\": \"false\", \"RowOrder\": \"10\", \"ShortName\": \"RS\"}, {\"Name\": \"UC_CO2BND\", \"Checked\": \"false\", \"RowOrder\": \"10\", \"ShortName\": \"RS\"}]","CreatedOn":"2017-07-06 14:20","DisplayCreatedOn":"2017-07-06 14:20","UserName":"getppp_hy-iee_pc"},{"SavedGroupId":80,"GroupName":"DemoS_007b","GroupType":"Scenario","Settings":"[{\"Name\": \"BASE\", \"Checked\": \"true\", \"RowOrder\": \"1\", \"ShortName\": \"B\"}, {\"Name\": \"NewTechs\", \"Checked\": \"true\", \"RowOrder\": \"2\", \"ShortName\": \"SR\"}, {\"Name\": \"TRADE_PARAM\", \"Checked\": \"true\", \"RowOrder\": \"3\", \"ShortName\": \"TS\"}, {\"Name\": \"SysSettings\", \"Checked\": \"true\", \"RowOrder\": \"4\", \"ShortName\": \"SS\"}, {\"Name\": \"Peak_RSV\", \"Checked\": \"true\", \"RowOrder\": \"5\", \"ShortName\": \"RS\"}, {\"Name\": \"Refinery\", \"Checked\": \"true\", \"RowOrder\": \"6\", \"ShortName\": \"RS\"}, {\"Name\": \"DemProj_DTCAR\", \"Checked\": \"true\", \"RowOrder\": \"7\", \"ShortName\": \"RS\"}, {\"Name\": \"ELC_CO2_BOUND\", \"Checked\": \"true\", \"RowOrder\": \"8\", \"ShortName\": \"RS\"}, {\"Name\": \"TRA_CO2_BOUND\", \"Checked\": \"true\", \"RowOrder\": \"9\", \"ShortName\": \"RS\"}, {\"Name\": \"ElasticDem\", \"Checked\": \"true\", \"RowOrder\": \"10\", \"ShortName\": \"RS\"}, {\"Name\": \"UC_Growth\", \"Checked\": \"false\", \"RowOrder\": \"11\", \"ShortName\": \"RS\"}, {\"Name\": \"UC_CO2BND\", \"Checked\": \"false\", \"RowOrder\": \"11\", \"ShortName\": \"RS\"}]","CreatedOn":"2017-07-06 14:21","DisplayCreatedOn":"2017-07-06 14:21","UserName":"getppp_hy-iee_pc"},{"SavedGroupId":81,"GroupName":"DemoS_007c","GroupType":"Scenario","Settings":"[{\"Name\": \"BASE\", \"Checked\": \"true\", \"RowOrder\": \"1\", \"ShortName\": \"B\"}, {\"Name\": \"NewTechs\", \"Checked\": \"true\", \"RowOrder\": \"2\", \"ShortName\": \"SR\"}, {\"Name\": \"TRADE_PARAM\", \"Checked\": \"true\", \"RowOrder\": \"3\", \"ShortName\": \"TS\"}, {\"Name\": \"SysSettings\", \"Checked\": \"true\", \"RowOrder\": \"4\", \"ShortName\": \"SS\"}, {\"Name\": \"Peak_RSV\", \"Checked\": \"true\", \"RowOrder\": \"5\", \"ShortName\": \"RS\"}, {\"Name\": \"Refinery\", \"Checked\": \"true\", \"RowOrder\": \"6\", \"ShortName\": \"RS\"}, {\"Name\": \"DemProj_DTCAR\", \"Checked\": \"true\", \"RowOrder\": \"7\", \"ShortName\": \"RS\"}, {\"Name\": \"ELC_CO2_BOUND\", \"Checked\": \"true\", \"RowOrder\": \"8\", \"ShortName\": \"RS\"}, {\"Name\": \"TRA_CO2_BOUND\", \"Checked\": \"true\", \"RowOrder\": \"9\", \"ShortName\": \"RS\"}, {\"Name\": \"ElasticDem\", \"Checked\": \"true\", \"RowOrder\": \"10\", \"ShortName\": \"RS\"}, {\"Name\": \"UC_CO2BND\", \"Checked\": \"true\", \"RowOrder\": \"11\", \"ShortName\": \"RS\"}, {\"Name\": \"UC_Growth\", \"Checked\": \"true\", \"RowOrder\": \"12\", \"ShortName\": \"RS\"}]","CreatedOn":"2017-07-06 14:22","DisplayCreatedOn":"2017-07-06 14:22","UserName":"getppp_hy-iee_pc"},{"SavedGroupId":82,"GroupName":"DemoS_007-ELC10","GroupType":"Scenario","Settings":"[{\"Name\": \"BASE\", \"Checked\": true, \"RowOrder\": 0, \"ShortName\": \"B\"}, {\"Name\": \"NewTechs\", \"Checked\": true, \"RowOrder\": 1, \"ShortName\": \"SR\"}, {\"Name\": \"TRADE_PARAM\", \"Checked\": true, \"RowOrder\": 2, \"ShortName\": \"TS\"}, {\"Name\": \"SysSettings\", \"Checked\": true, \"RowOrder\": 3, \"ShortName\": \"SS\"}, {\"Name\": \"CO2_TAX\", \"Checked\": false, \"RowOrder\": 4, \"ShortName\": \"RS\"}, {\"Name\": \"Peak_RSV\", \"Checked\": true, \"RowOrder\": 5, \"ShortName\": \"RS\"}, {\"Name\": \"Refinery\", \"Checked\": true, \"RowOrder\": 6, \"ShortName\": \"RS\"}, {\"Name\": \"DemProj_DTCAR\", \"Checked\": true, \"RowOrder\": 7, \"ShortName\": \"RS\"}, {\"Name\": \"ELC_CO2_BOUND\", \"Checked\": false, \"RowOrder\": 8, \"ShortName\": \"RS\"}, {\"Name\": \"ELC_CO2_BOUND_10%\", \"Checked\": true, \"RowOrder\": 9, \"ShortName\": \"RS\"}, {\"Name\": \"TRA_CO2_BOUND\", \"Checked\": false, \"RowOrder\": 10, \"ShortName\": \"RS\"}, {\"Name\": \"ElasticDem\", \"Checked\": false, \"RowOrder\": 11, \"ShortName\": \"RS\"}, {\"Name\": \"ELC_CO2_BOUND_20%\", \"Checked\": false, \"RowOrder\": 12, \"ShortName\": \"RS\"}, {\"Name\": \"UC_CO2BND\", \"Checked\": false, \"RowOrder\": 13, \"ShortName\": \"RS\"}, {\"Name\": \"UC_Growth\", \"Checked\": false, \"RowOrder\": 14, \"ShortName\": \"RS\"}, {\"Name\": \"ELC_CO2_BOUND_30%\", \"Checked\": false, \"RowOrder\": 15, \"ShortName\": \"RS\"}, {\"Name\": \"ELC_CO2_BOUND_40%\", \"Checked\": false, \"RowOrder\": 16, \"ShortName\": \"RS\"}, {\"Name\": \"TRA_CO2_BOUND_10%\", \"Checked\": false, \"RowOrder\": 17, \"ShortName\": \"RS\"}, {\"Name\": \"TRA_CO2_BOUND_20%\", \"Checked\": false, \"RowOrder\": 18, \"ShortName\": \"RS\"}, {\"Name\": \"TRA_CO2_BOUND_30%\", \"Checked\": false, \"RowOrder\": 19, \"ShortName\": \"RS\"}, {\"Name\": \"TRA_CO2_BOUND_40%\", \"Checked\": false, \"RowOrder\": 20, \"ShortName\": \"RS\"}, {\"Name\": \"TRA_CO2_BOUND_50%\", \"Checked\": false, \"RowOrder\": 21, \"ShortName\": \"RS\"}, {\"Name\": \"UC_CO2BND_50%\", \"Checked\": false, \"RowOrder\": 22, \"ShortName\": \"RS\"}]","CreatedOn":"2024-06-06 09:25","DisplayCreatedOn":"2024-06-06 09:25","UserName":"getppp_hy-iee_pc"},{"SavedGroupId":83,"GroupName":"DemoS_007-ELC20","GroupType":"Scenario","Settings":"[{\"Name\": \"BASE\", \"Checked\": true, \"RowOrder\": 0, \"ShortName\": \"B\"}, {\"Name\": \"NewTechs\", \"Checked\": true, \"RowOrder\": 1, \"ShortName\": \"SR\"}, {\"Name\": \"TRADE_PARAM\", \"Checked\": true, \"RowOrder\": 2, \"ShortName\": \"TS\"}, {\"Name\": \"SysSettings\", \"Checked\": true, \"RowOrder\": 3, \"ShortName\": \"SS\"}, {\"Name\": \"CO2_TAX\", \"Checked\": false, \"RowOrder\": 4, \"ShortName\": \"RS\"}, {\"Name\": \"Peak_RSV\", \"Checked\": true, \"RowOrder\": 5, \"ShortName\": \"RS\"}, {\"Name\": \"Refinery\", \"Checked\": true, \"RowOrder\": 6, \"ShortName\": \"RS\"}, {\"Name\": \"DemProj_DTCAR\", \"Checked\": true, \"RowOrder\": 7, \"ShortName\": \"RS\"}, {\"Name\": \"ELC_CO2_BOUND\", \"Checked\": false, \"RowOrder\": 8, \"ShortName\": \"RS\"}, {\"Name\": \"ELC_CO2_BOUND_10%\", \"Checked\": false, \"RowOrder\": 9, \"ShortName\": \"RS\"}, {\"Name\": \"TRA_CO2_BOUND\", \"Checked\": false, \"RowOrder\": 10, \"ShortName\": \"RS\"}, {\"Name\": \"ElasticDem\", \"Checked\": false, \"RowOrder\": 11, \"ShortName\": \"RS\"}, {\"Name\": \"ELC_CO2_BOUND_20%\", \"Checked\": true, \"RowOrder\": 12, \"ShortName\": \"RS\"}, {\"Name\": \"UC_CO2BND\", \"Checked\": false, \"RowOrder\": 13, \"ShortName\": \"RS\"}, {\"Name\": \"UC_Growth\", \"Checked\": false, \"RowOrder\": 14, \"ShortName\": \"RS\"}, {\"Name\": \"ELC_CO2_BOUND_30%\", \"Checked\": false, \"RowOrder\": 15, \"ShortName\": \"RS\"}, {\"Name\": \"ELC_CO2_BOUND_40%\", \"Checked\": false, \"RowOrder\": 16, \"ShortName\": \"RS\"}, {\"Name\": \"TRA_CO2_BOUND_10%\", \"Checked\": false, \"RowOrder\": 17, \"ShortName\": \"RS\"}, {\"Name\": \"TRA_CO2_BOUND_20%\", \"Checked\": false, \"RowOrder\": 18, \"ShortName\": \"RS\"}, {\"Name\": \"TRA_CO2_BOUND_30%\", \"Checked\": false, \"RowOrder\": 19, \"ShortName\": \"RS\"}, {\"Name\": \"TRA_CO2_BOUND_40%\", \"Checked\": false, \"RowOrder\": 20, \"ShortName\": \"RS\"}, {\"Name\": \"TRA_CO2_BOUND_50%\", \"Checked\": false, \"RowOrder\": 21, \"ShortName\": \"RS\"}, {\"Name\": \"UC_CO2BND_50%\", \"Checked\": false, \"RowOrder\": 22, \"ShortName\": \"RS\"}]","CreatedOn":"2024-06-06 09:25","DisplayCreatedOn":"2024-06-06 09:25","UserName":"getppp_hy-iee_pc"},{"SavedGroupId":84,"GroupName":"DemoS_007-ELC30","GroupType":"Scenario","Settings":"[{\"Name\": \"BASE\", \"Checked\": true, \"RowOrder\": 0, \"ShortName\": \"B\"}, {\"Name\": \"NewTechs\", \"Checked\": true, \"RowOrder\": 1, \"ShortName\": \"SR\"}, {\"Name\": \"TRADE_PARAM\", \"Checked\": true, \"RowOrder\": 2, \"ShortName\": \"TS\"}, {\"Name\": \"SysSettings\", \"Checked\": true, \"RowOrder\": 3, \"ShortName\": \"SS\"}, {\"Name\": \"CO2_TAX\", \"Checked\": false, \"RowOrder\": 4, \"ShortName\": \"RS\"}, {\"Name\": \"Peak_RSV\", \"Checked\": true, \"RowOrder\": 5, \"ShortName\": \"RS\"}, {\"Name\": \"Refinery\", \"Checked\": true, \"RowOrder\": 6, \"ShortName\": \"RS\"}, {\"Name\": \"DemProj_DTCAR\", \"Checked\": true, \"RowOrder\": 7, \"ShortName\": \"RS\"}, {\"Name\": \"ELC_CO2_BOUND\", \"Checked\": false, \"RowOrder\": 8, \"ShortName\": \"RS\"}, {\"Name\": \"ELC_CO2_BOUND_10%\", \"Checked\": false, \"RowOrder\": 9, \"ShortName\": \"RS\"}, {\"Name\": \"TRA_CO2_BOUND\", \"Checked\": false, \"RowOrder\": 10, \"ShortName\": \"RS\"}, {\"Name\": \"ElasticDem\", \"Checked\": false, \"RowOrder\": 11, \"ShortName\": \"RS\"}, {\"Name\": \"ELC_CO2_BOUND_20%\", \"Checked\": false, \"RowOrder\": 12, \"ShortName\": \"RS\"}, {\"Name\": \"UC_CO2BND\", \"Checked\": false, \"RowOrder\": 13, \"ShortName\": \"RS\"}, {\"Name\": \"UC_Growth\", \"Checked\": false, \"RowOrder\": 14, \"ShortName\": \"RS\"}, {\"Name\": \"ELC_CO2_BOUND_30%\", \"Checked\": true, \"RowOrder\": 15, \"ShortName\": \"RS\"}, {\"Name\": \"ELC_CO2_BOUND_40%\", \"Checked\": false, \"RowOrder\": 16, \"ShortName\": \"RS\"}, {\"Name\": \"TRA_CO2_BOUND_10%\", \"Checked\": false, \"RowOrder\": 17, \"ShortName\": \"RS\"}, {\"Name\": \"TRA_CO2_BOUND_20%\", \"Checked\": false, \"RowOrder\": 18, \"ShortName\": \"RS\"}, {\"Name\": \"TRA_CO2_BOUND_30%\", \"Checked\": false, \"RowOrder\": 19, \"ShortName\": \"RS\"}, {\"Name\": \"TRA_CO2_BOUND_40%\", \"Checked\": false, \"RowOrder\": 20, \"ShortName\": \"RS\"}, {\"Name\": \"TRA_CO2_BOUND_50%\", \"Checked\": false, \"RowOrder\": 21, \"ShortName\": \"RS\"}, {\"Name\": \"UC_CO2BND_50%\", \"Checked\": false, \"RowOrder\": 22, \"ShortName\": \"RS\"}]","CreatedOn":"2024-06-06 09:25","DisplayCreatedOn":"2024-06-06 09:25","UserName":"getppp_hy-iee_pc"},{"SavedGroupId":97,"GroupName":"DemoS_003-TRA30","GroupType":"Scenario","Settings":"[{\"Name\": \"BASE\", \"Checked\": true, \"RowOrder\": 0, \"ShortName\": \"B\"}, {\"Name\": \"NewTechs\", \"Checked\": true, \"RowOrder\": 1, \"ShortName\": \"SR\"}, {\"Name\": \"TRADE_PARAM\", \"Checked\": true, \"RowOrder\": 2, \"ShortName\": \"TS\"}, {\"Name\": \"SysSettings\", \"Checked\": true, \"RowOrder\": 3, \"ShortName\": \"SS\"}, {\"Name\": \"Peak_RSV\", \"Checked\": false, \"RowOrder\": 4, \"ShortName\": \"RS\"}, {\"Name\": \"CO2_TAX\", \"Checked\": false, \"RowOrder\": 5, \"ShortName\": \"RS\"}, {\"Name\": \"Refinery\", \"Checked\": false, \"RowOrder\": 6, \"ShortName\": \"RS\"}, {\"Name\": \"DemProj_DTCAR\", \"Checked\": false, \"RowOrder\": 7, \"ShortName\": \"RS\"}, {\"Name\": \"UC_Growth\", \"Checked\": false, \"RowOrder\": 8, \"ShortName\": \"RS\"}, {\"Name\": \"ElasticDem\", \"Checked\": false, \"RowOrder\": 9, \"ShortName\": \"RS\"}, {\"Name\": \"ELC_CO2_BOUND\", \"Checked\": false, \"RowOrder\": 10, \"ShortName\": \"RS\"}, {\"Name\": \"ELC_CO2_BOUND_10%\", \"Checked\": false, \"RowOrder\": 11, \"ShortName\": \"RS\"}, {\"Name\": \"ELC_CO2_BOUND_20%\", \"Checked\": false, \"RowOrder\": 12, \"ShortName\": \"RS\"}, {\"Name\": \"TRA_CO2_BOUND\", \"Checked\": false, \"RowOrder\": 13, \"ShortName\": \"RS\"}, {\"Name\": \"ELC_CO2_BOUND_30%\", \"Checked\": false, \"RowOrder\": 14, \"ShortName\": \"RS\"}, {\"Name\": \"UC_CO2BND\", \"Checked\": false, \"RowOrder\": 15, \"ShortName\": \"RS\"}, {\"Name\": \"ELC_CO2_BOUND_40%\", \"Checked\": false, \"RowOrder\": 16, \"ShortName\": \"RS\"}, {\"Name\": \"TRA_CO2_BOUND_10%\", \"Checked\": false, \"RowOrder\": 17, \"ShortName\": \"RS\"}, {\"Name\": \"TRA_CO2_BOUND_20%\", \"Checked\": false, \"RowOrder\": 18, \"ShortName\": \"RS\"}, {\"Name\": \"TRA_CO2_BOUND_30%\", \"Checked\": true, \"RowOrder\": 19, \"ShortName\": \"RS\"}, {\"Name\": \"TRA_CO2_BOUND_40%\", \"Checked\": false, \"RowOrder\": 20, \"ShortName\": \"RS\"}, {\"Name\": \"TRA_CO2_BOUND_50%\", \"Checked\": false, \"RowOrder\": 21, \"ShortName\": \"RS\"}, {\"Name\": \"UC_CO2BND_50%\", \"Checked\": false, \"RowOrder\": 22, \"ShortName\": \"RS\"}]","CreatedOn":"2024-06-06 11:05","DisplayCreatedOn":"2024-06-06 11:05","UserName":"getppp_hy-iee_pc"},{"SavedGroupId":96,"GroupName":"DemoS_003-TRA20","GroupType":"Scenario","Settings":"[{\"Name\": \"BASE\", \"Checked\": true, \"RowOrder\": 0, \"ShortName\": \"B\"}, {\"Name\": \"NewTechs\", \"Checked\": true, \"RowOrder\": 1, \"ShortName\": \"SR\"}, {\"Name\": \"TRADE_PARAM\", \"Checked\": true, \"RowOrder\": 2, \"ShortName\": \"TS\"}, {\"Name\": \"SysSettings\", \"Checked\": true, \"RowOrder\": 3, \"ShortName\": \"SS\"}, {\"Name\": \"Peak_RSV\", \"Checked\": false, \"RowOrder\": 4, \"ShortName\": \"RS\"}, {\"Name\": \"CO2_TAX\", \"Checked\": false, \"RowOrder\": 5, \"ShortName\": \"RS\"}, {\"Name\": \"Refinery\", \"Checked\": false, \"RowOrder\": 6, \"ShortName\": \"RS\"}, {\"Name\": \"DemProj_DTCAR\", \"Checked\": false, \"RowOrder\": 7, \"ShortName\": \"RS\"}, {\"Name\": \"UC_Growth\", \"Checked\": false, \"RowOrder\": 8, \"ShortName\": \"RS\"}, {\"Name\": \"ElasticDem\", \"Checked\": false, \"RowOrder\": 9, \"ShortName\": \"RS\"}, {\"Name\": \"ELC_CO2_BOUND\", \"Checked\": false, \"RowOrder\": 10, \"ShortName\": \"RS\"}, {\"Name\": \"ELC_CO2_BOUND_10%\", \"Checked\": false, \"RowOrder\": 11, \"ShortName\": \"RS\"}, {\"Name\": \"ELC_CO2_BOUND_20%\", \"Checked\": false, \"RowOrder\": 12, \"ShortName\": \"RS\"}, {\"Name\": \"TRA_CO2_BOUND\", \"Checked\": false, \"RowOrder\": 13, \"ShortName\": \"RS\"}, {\"Name\": \"ELC_CO2_BOUND_30%\", \"Checked\": false, \"RowOrder\": 14, \"ShortName\": \"RS\"}, {\"Name\": \"UC_CO2BND\", \"Checked\": false, \"RowOrder\": 15, \"ShortName\": \"RS\"}, {\"Name\": \"ELC_CO2_BOUND_40%\", \"Checked\": false, \"RowOrder\": 16, \"ShortName\": \"RS\"}, {\"Name\": \"TRA_CO2_BOUND_10%\", \"Checked\": false, \"RowOrder\": 17, \"ShortName\": \"RS\"}, {\"Name\": \"TRA_CO2_BOUND_20%\", \"Checked\": true, \"RowOrder\": 18, \"ShortName\": \"RS\"}, {\"Name\": \"TRA_CO2_BOUND_30%\", \"Checked\": false, \"RowOrder\": 19, \"ShortName\": \"RS\"}, {\"Name\": \"TRA_CO2_BOUND_40%\", \"Checked\": false, \"RowOrder\": 20, \"ShortName\": \"RS\"}, {\"Name\": \"TRA_CO2_BOUND_50%\", \"Checked\": false, \"RowOrder\": 21, \"ShortName\": \"RS\"}, {\"Name\": \"UC_CO2BND_50%\", \"Checked\": false, \"RowOrder\": 22, \"ShortName\": \"RS\"}]","CreatedOn":"2024-06-06 11:05","DisplayCreatedOn":"2024-06-06 11:05","UserName":"getppp_hy-iee_pc"},{"SavedGroupId":98,"GroupName":"DemoS_003-TRA40","GroupType":"Scenario","Settings":"[{\"Name\": \"BASE\", \"Checked\": true, \"RowOrder\": 0, \"ShortName\": \"B\"}, {\"Name\": \"NewTechs\", \"Checked\": true, \"RowOrder\": 1, \"ShortName\": \"SR\"}, {\"Name\": \"TRADE_PARAM\", \"Checked\": true, \"RowOrder\": 2, \"ShortName\": \"TS\"}, {\"Name\": \"SysSettings\", \"Checked\": true, \"RowOrder\": 3, \"ShortName\": \"SS\"}, {\"Name\": \"Peak_RSV\", \"Checked\": false, \"RowOrder\": 4, \"ShortName\": \"RS\"}, {\"Name\": \"CO2_TAX\", \"Checked\": false, \"RowOrder\": 5, \"ShortName\": \"RS\"}, {\"Name\": \"Refinery\", \"Checked\": false, \"RowOrder\": 6, \"ShortName\": \"RS\"}, {\"Name\": \"DemProj_DTCAR\", \"Checked\": false, \"RowOrder\": 7, \"ShortName\": \"RS\"}, {\"Name\": \"UC_Growth\", \"Checked\": false, \"RowOrder\": 8, \"ShortName\": \"RS\"}, {\"Name\": \"ElasticDem\", \"Checked\": false, \"RowOrder\": 9, \"ShortName\": \"RS\"}, {\"Name\": \"ELC_CO2_BOUND\", \"Checked\": false, \"RowOrder\": 10, \"ShortName\": \"RS\"}, {\"Name\": \"ELC_CO2_BOUND_10%\", \"Checked\": false, \"RowOrder\": 11, \"ShortName\": \"RS\"}, {\"Name\": \"ELC_CO2_BOUND_20%\", \"Checked\": false, \"RowOrder\": 12, \"ShortName\": \"RS\"}, {\"Name\": \"TRA_CO2_BOUND\", \"Checked\": false, \"RowOrder\": 13, \"ShortName\": \"RS\"}, {\"Name\": \"ELC_CO2_BOUND_30%\", \"Checked\": false, \"RowOrder\": 14, \"ShortName\": \"RS\"}, {\"Name\": \"UC_CO2BND\", \"Checked\": false, \"RowOrder\": 15, \"ShortName\": \"RS\"}, {\"Name\": \"ELC_CO2_BOUND_40%\", \"Checked\": false, \"RowOrder\": 16, \"ShortName\": \"RS\"}, {\"Name\": \"TRA_CO2_BOUND_10%\", \"Checked\": false, \"RowOrder\": 17, \"ShortName\": \"RS\"}, {\"Name\": \"TRA_CO2_BOUND_20%\", \"Checked\": false, \"RowOrder\": 18, \"ShortName\": \"RS\"}, {\"Name\": \"TRA_CO2_BOUND_30%\", \"Checked\": false, \"RowOrder\": 19, \"ShortName\": \"RS\"}, {\"Name\": \"TRA_CO2_BOUND_40%\", \"Checked\": true, \"RowOrder\": 20, \"ShortName\": \"RS\"}, {\"Name\": \"TRA_CO2_BOUND_50%\", \"Checked\": false, \"RowOrder\": 21, \"ShortName\": \"RS\"}, {\"Name\": \"UC_CO2BND_50%\", \"Checked\": false, \"RowOrder\": 22, \"ShortName\": \"RS\"}]","CreatedOn":"2024-06-06 11:05","DisplayCreatedOn":"2024-06-06 11:05","UserName":"getppp_hy-iee_pc"},{"SavedGroupId":99,"GroupName":"DemoS_003-TRA50","GroupType":"Scenario","Settings":"[{\"Name\": \"BASE\", \"Checked\": true, \"RowOrder\": 0, \"ShortName\": \"B\"}, {\"Name\": \"NewTechs\", \"Checked\": true, \"RowOrder\": 1, \"ShortName\": \"SR\"}, {\"Name\": \"TRADE_PARAM\", \"Checked\": true, \"RowOrder\": 2, \"ShortName\": \"TS\"}, {\"Name\": \"SysSettings\", \"Checked\": true, \"RowOrder\": 3, \"ShortName\": \"SS\"}, {\"Name\": \"Peak_RSV\", \"Checked\": false, \"RowOrder\": 4, \"ShortName\": \"RS\"}, {\"Name\": \"CO2_TAX\", \"Checked\": false, \"RowOrder\": 5, \"ShortName\": \"RS\"}, {\"Name\": \"Refinery\", \"Checked\": false, \"RowOrder\": 6, \"ShortName\": \"RS\"}, {\"Name\": \"DemProj_DTCAR\", \"Checked\": false, \"RowOrder\": 7, \"ShortName\": \"RS\"}, {\"Name\": \"UC_Growth\", \"Checked\": false, \"RowOrder\": 8, \"ShortName\": \"RS\"}, {\"Name\": \"ElasticDem\", \"Checked\": false, \"RowOrder\": 9, \"ShortName\": \"RS\"}, {\"Name\": \"ELC_CO2_BOUND\", \"Checked\": false, \"RowOrder\": 10, \"ShortName\": \"RS\"}, {\"Name\": \"ELC_CO2_BOUND_10%\", \"Checked\": false, \"RowOrder\": 11, \"ShortName\": \"RS\"}, {\"Name\": \"ELC_CO2_BOUND_20%\", \"Checked\": false, \"RowOrder\": 12, \"ShortName\": \"RS\"}, {\"Name\": \"TRA_CO2_BOUND\", \"Checked\": false, \"RowOrder\": 13, \"ShortName\": \"RS\"}, {\"Name\": \"ELC_CO2_BOUND_30%\", \"Checked\": false, \"RowOrder\": 14, \"ShortName\": \"RS\"}, {\"Name\": \"UC_CO2BND\", \"Checked\": false, \"RowOrder\": 15, \"ShortName\": \"RS\"}, {\"Name\": \"ELC_CO2_BOUND_40%\", \"Checked\": false, \"RowOrder\": 16, \"ShortName\": \"RS\"}, {\"Name\": \"TRA_CO2_BOUND_10%\", \"Checked\": false, \"RowOrder\": 17, \"ShortName\": \"RS\"}, {\"Name\": \"TRA_CO2_BOUND_20%\", \"Checked\": false, \"RowOrder\": 18, \"ShortName\": \"RS\"}, {\"Name\": \"TRA_CO2_BOUND_30%\", \"Checked\": false, \"RowOrder\": 19, \"ShortName\": \"RS\"}, {\"Name\": \"TRA_CO2_BOUND_40%\", \"Checked\": false, \"RowOrder\": 20, \"ShortName\": \"RS\"}, {\"Name\": \"TRA_CO2_BOUND_50%\", \"Checked\": true, \"RowOrder\": 21, \"ShortName\": \"RS\"}, {\"Name\": \"UC_CO2BND_50%\", \"Checked\": false, \"RowOrder\": 22, \"ShortName\": \"RS\"}]","CreatedOn":"2024-06-06 11:05","DisplayCreatedOn":"2024-06-06 11:05","UserName":"getppp_hy-iee_pc"},{"SavedGroupId":100,"GroupName":"DemoS_003-ELC","GroupType":"Scenario","Settings":"[{\"Name\": \"BASE\", \"Checked\": true, \"RowOrder\": 0, \"ShortName\": \"B\"}, {\"Name\": \"NewTechs\", \"Checked\": true, \"RowOrder\": 1, \"ShortName\": \"SR\"}, {\"Name\": \"TRADE_PARAM\", \"Checked\": true, \"RowOrder\": 2, \"ShortName\": \"TS\"}, {\"Name\": \"SysSettings\", \"Checked\": true, \"RowOrder\": 3, \"ShortName\": \"SS\"}, {\"Name\": \"Peak_RSV\", \"Checked\": false, \"RowOrder\": 4, \"ShortName\": \"RS\"}, {\"Name\": \"CO2_TAX\", \"Checked\": false, \"RowOrder\": 5, \"ShortName\": \"RS\"}, {\"Name\": \"Refinery\", \"Checked\": false, \"RowOrder\": 6, \"ShortName\": \"RS\"}, {\"Name\": \"DemProj_DTCAR\", \"Checked\": false, \"RowOrder\": 7, \"ShortName\": \"RS\"}, {\"Name\": \"UC_Growth\", \"Checked\": false, \"RowOrder\": 8, \"ShortName\": \"RS\"}, {\"Name\": \"ElasticDem\", \"Checked\": false, \"RowOrder\": 9, \"ShortName\": \"RS\"}, {\"Name\": \"ELC_CO2_BOUND\", \"Checked\": true, \"RowOrder\": 10, \"ShortName\": \"RS\"}, {\"Name\": \"ELC_CO2_BOUND_10%\", \"Checked\": false, \"RowOrder\": 11, \"ShortName\": \"RS\"}, {\"Name\": \"ELC_CO2_BOUND_20%\", \"Checked\": false, \"RowOrder\": 12, \"ShortName\": \"RS\"}, {\"Name\": \"TRA_CO2_BOUND\", \"Checked\": false, \"RowOrder\": 13, \"ShortName\": \"RS\"}, {\"Name\": \"ELC_CO2_BOUND_30%\", \"Checked\": false, \"RowOrder\": 14, \"ShortName\": \"RS\"}, {\"Name\": \"UC_CO2BND\", \"Checked\": false, \"RowOrder\": 15, \"ShortName\": \"RS\"}, {\"Name\": \"ELC_CO2_BOUND_40%\", \"Checked\": false, \"RowOrder\": 16, \"ShortName\": \"RS\"}, {\"Name\": \"TRA_CO2_BOUND_10%\", \"Checked\": false, \"RowOrder\": 17, \"ShortName\": \"RS\"}, {\"Name\": \"TRA_CO2_BOUND_20%\", \"Checked\": false, \"RowOrder\": 18, \"ShortName\": \"RS\"}, {\"Name\": \"TRA_CO2_BOUND_30%\", \"Checked\": false, \"RowOrder\": 19, \"ShortName\": \"RS\"}, {\"Name\": \"TRA_CO2_BOUND_40%\", \"Checked\": false, \"RowOrder\": 20, \"ShortName\": \"RS\"}, {\"Name\": \"TRA_CO2_BOUND_50%\", \"Checked\": false, \"RowOrder\": 21, \"ShortName\": \"RS\"}, {\"Name\": \"UC_CO2BND_50%\", \"Checked\": false, \"RowOrder\": 22, \"ShortName\": \"RS\"}]","CreatedOn":"2024-06-06 11:13","DisplayCreatedOn":"2024-06-06 11:13","UserName":"getppp_hy-iee_pc"},{"SavedGroupId":101,"GroupName":"DemoS_003-TRA","GroupType":"Scenario","Settings":"[{\"Name\": \"BASE\", \"Checked\": true, \"RowOrder\": 0, \"ShortName\": \"B\"}, {\"Name\": \"NewTechs\", \"Checked\": true, \"RowOrder\": 1, \"ShortName\": \"SR\"}, {\"Name\": \"TRADE_PARAM\", \"Checked\": true, \"RowOrder\": 2, \"ShortName\": \"TS\"}, {\"Name\": \"SysSettings\", \"Checked\": true, \"RowOrder\": 3, \"ShortName\": \"SS\"}, {\"Name\": \"Peak_RSV\", \"Checked\": false, \"RowOrder\": 4, \"ShortName\": \"RS\"}, {\"Name\": \"CO2_TAX\", \"Checked\": false, \"RowOrder\": 5, \"ShortName\": \"RS\"}, {\"Name\": \"Refinery\", \"Checked\": false, \"RowOrder\": 6, \"ShortName\": \"RS\"}, {\"Name\": \"DemProj_DTCAR\", \"Checked\": false, \"RowOrder\": 7, \"ShortName\": \"RS\"}, {\"Name\": \"UC_Growth\", \"Checked\": false, \"RowOrder\": 8, \"ShortName\": \"RS\"}, {\"Name\": \"ElasticDem\", \"Checked\": false, \"RowOrder\": 9, \"ShortName\": \"RS\"}, {\"Name\": \"ELC_CO2_BOUND\", \"Checked\": false, \"RowOrder\": 10, \"ShortName\": \"RS\"}, {\"Name\": \"ELC_CO2_BOUND_10%\", \"Checked\": false, \"RowOrder\": 11, \"ShortName\": \"RS\"}, {\"Name\": \"ELC_CO2_BOUND_20%\", \"Checked\": false, \"RowOrder\": 12, \"ShortName\": \"RS\"}, {\"Name\": \"TRA_CO2_BOUND\", \"Checked\": true, \"RowOrder\": 13, \"ShortName\": \"RS\"}, {\"Name\": \"ELC_CO2_BOUND_30%\", \"Checked\": false, \"RowOrder\": 14, \"ShortName\": \"RS\"}, {\"Name\": \"UC_CO2BND\", \"Checked\": false, \"RowOrder\": 15, \"ShortName\": \"RS\"}, {\"Name\": \"ELC_CO2_BOUND_40%\", \"Checked\": false, \"RowOrder\": 16, \"ShortName\": \"RS\"}, {\"Name\": \"TRA_CO2_BOUND_10%\", \"Checked\": false, \"RowOrder\": 17, \"ShortName\": \"RS\"}, {\"Name\": \"TRA_CO2_BOUND_20%\", \"Checked\": false, \"RowOrder\": 18, \"ShortName\": \"RS\"}, {\"Name\": \"TRA_CO2_BOUND_30%\", \"Checked\": false, \"RowOrder\": 19, \"ShortName\": \"RS\"}, {\"Name\": \"TRA_CO2_BOUND_40%\", \"Checked\": false, \"RowOrder\": 20, \"ShortName\": \"RS\"}, {\"Name\": \"TRA_CO2_BOUND_50%\", \"Checked\": false, \"RowOrder\": 21, \"ShortName\": \"RS\"}, {\"Name\": \"UC_CO2BND_50%\", \"Checked\": false, \"RowOrder\": 22, \"ShortName\": \"RS\"}]","CreatedOn":"2024-06-06 11:13","DisplayCreatedOn":"2024-06-06 11:13","UserName":"getppp_hy-iee_pc"}]