[{"Name":"test save","Description":"","EditedOn":"2020-08-12 09:17","Filter":"{}"},{"Name":"UC_info","Description":"information related to user constraints","EditedOn":"2020-08-12 07:30","Filter":"{\"attribute\":[\"User_conFXM\",\"User_con\"]}"},{"Name":"Trade_Endogenous-ELC","Description":"Electricity endogenous trade","EditedOn":"2020-07-31 11:24","Filter":"{\"process\":[\"TB_ELC_REG1_REG2_01\"],\"attribute\":[\"VAR_FIn\",\"VAR_FOut\"]}"},{"Name":"Trade_Endogenous-GAS","Description":"Endogenous gas trade","EditedOn":"2020-07-31 11:24","Filter":"{\"process\":[\"TU_GAS_REG2_REG1_01\"],\"attribute\":[\"VAR_FIn\",\"VAR_FOut\"]}"},{"Name":"Total CO2 Emissions","Description":"Total CO2 emissions (available only from Step 012)","EditedOn":"2020-07-31 11:24","Filter":"{\"attribute\":[\"VAR_FOut\"],\"commodity\":[\"TOTCO2\"],\"commodityset\":[\"ENV\"]}"},{"Name":"Refinery","Description":"Refinery input and output","EditedOn":"2020-07-31 11:24","Filter":"{\"process\":[\"REFEOIL00\"],\"attribute\":[\"VAR_FIn\",\"VAR_FOut\"]}"},{"Name":"Process_Trade","Description":"Supp","EditedOn":"2020-07-31 11:24","Filter":"{\"attribute\":[\"VAR_FIn\",\"VAR_FOut\"],\"processset\":[\"EXP\",\"IMP\",\"MIN\",\"TRD_ENDO\"]}"},{"Name":"Process Marginals","Description":"Process Margina","EditedOn":"2020-07-31 11:24","Filter":"{\"attribute\":[\"VAR_ActM\",\"VAR_CapM\",\"VAR_NcapM\"]}"},{"Name":"Prices_Energy","Description":"Energy Prices","EditedOn":"2020-07-31 11:24","Filter":"{\"attribute\":[\"EQ_CombalM\"],\"commodityset\":[\"NRG\"]}"},{"Name":"Prices_CO2","Description":"Prices_All","EditedOn":"2020-07-31 11:24","Filter":"{\"attribute\":[\"EQ_CombalM\"],\"commodityset\":[\"ENV\"]}"},{"Name":"Prices_All","Description":"Prices_All","EditedOn":"2020-07-31 11:24","Filter":"{\"attribute\":[\"EQ_CombalM\"]}"},{"Name":"Fuel Supply","Description":"Fuel Supply","EditedOn":"2020-07-31 11:24","Filter":"{\"attribute\":[\"VAR_FOut\"],\"processset\":[\"IRE\"]}"},{"Name":"EQ_Peak","Description":"`Peak Equation","EditedOn":"2020-07-31 11:24","Filter":"{\"attribute\":[\"EQ_Peak\",\"EQ_PeakM\"]}"},{"Name":"ELC Production by Fuel Group","Description":"Electric Generation by Fuel Group","EditedOn":"2020-07-31 11:24","Filter":"{\"attribute\":[\"VAR_FOut\"],\"processset\":[\"PP_FOSSIL\",\"PP_NUCLEAR\",\"PP_OTHER\",\"PP_RENEW\"],\"commodityset\":[\"NRG\"]}"},{"Name":"Emissions by Sector","Description":"Emissions by Sector","EditedOn":"2020-07-31 11:24","Filter":"{\"attribute\":[\"VAR_FOut\"],\"commodity\":[\"AGRCO2\",\"COMCO2\",\"ELCCO2\",\"INDCO2\",\"RSDCO2\",\"TRACO2\"],\"commodityset\":[\"ENV\"]}"},{"Name":"ELC Plants Production","Description":"ELC Plants Production","EditedOn":"2020-07-31 11:24","Filter":"{\"attribute\":[\"VAR_Act\"],\"processset\":[\"ELEBIO\",\"ELECOA\",\"ELEGAS\",\"ELEHYD\",\"ELENUC\",\"ELEOIL\",\"ELERNW\",\"ELESOL\",\"ELEWIN\"]}"},{"Name":"ELC Plants New Capacity","Description":"ELC plants new installed capacity in each period","EditedOn":"2020-07-31 11:24","Filter":"{\"attribute\":[\"VAR_Ncap\"],\"processset\":[\"ELEBIO\",\"ELECOA\",\"ELEGAS\",\"ELEHYD\",\"ELENUC\",\"ELEOIL\",\"ELERNW\",\"ELESOL\",\"ELEWIN\"]}"},{"Name":"ELC Plants Capacity","Description":"ELC plants capacity and new capacity","EditedOn":"2020-07-31 11:24","Filter":"{\"attribute\":[\"VAR_Cap\"],\"processset\":[\"ELECOA\",\"ELEGAS\",\"ELEHYD\",\"ELENUC\",\"ELEOIL\",\"ELERNW\",\"ELESOL\",\"ELEWIN\"]}"},{"Name":"ELC Fuel Consumption by Plant Type","Description":"ELC Fuel Consumption by Plant Type","EditedOn":"2020-07-31 11:24","Filter":"{\"attribute\":[\"VAR_FIn\"],\"processset\":[\"ELEBIO\",\"ELECOA\",\"ELEGAS\",\"ELEHYD\",\"ELENUC\",\"ELEOIL\",\"ELERNW\",\"ELESOL\",\"ELEWIN\"]}"},{"Name":"Demands","Description":"Demands","EditedOn":"2020-07-31 11:24","Filter":"{\"attribute\":[\"VAR_FOut\"],\"commodityset\":[\"DEM\"]}"},{"Name":"Consumption by Sector and fuel","Description":"Consumption by Sector and fuel","EditedOn":"2020-07-31 11:24","Filter":"{\"attribute\":[\"VAR_FOut\"],\"processset\":[\"FUEL_AGR\",\"FUEL_COM\",\"FUEL_IND\",\"FUEL_RSD\",\"FUEL_TRA\"],\"commodityset\":[\"NRG_ELC\",\"NRG_GAS\",\"NRG_MISS\",\"NRG_NUK\",\"NRG_PP\",\"NRG_RNW\",\"NRG_SOLID\"]}"},{"Name":"Check Dummy Imports","Description":"Check Dummy Imports","EditedOn":"2020-07-31 11:24","Filter":"{\"attribute\":[\"VAR_fout\"],\"processset\":[\"DUMIMP\"]}"},{"Name":"Consumption by Sector","Description":"Consumption by Sector","EditedOn":"2020-07-31 11:24","Filter":"{\"attribute\":[\"VAR_FOut\"],\"processset\":[\"FUEL_AGR\",\"FUEL_COM\",\"FUEL_IND\",\"FUEL_RSD\",\"FUEL_TRA\"]}"},{"Name":"Annual Technology Costs","Description":"Annual Technology Costs","EditedOn":"2020-07-31 11:24","Filter":"{\"attribute\":[\"Cost_Fom\",\"Cost_Inv\",\"Cost_ire\"]}"},{"Name":"All costs","Description":"All system costs (activity, flow, investments and salvage)","EditedOn":"2020-07-31 11:24","Filter":"{\"attribute\":[\"Cost_Act\",\"Cost_Comx\",\"Cost_Els\",\"Cost_Flo\",\"Cost_Flox\",\"Cost_Fom\",\"Cost_Inv\",\"Cost_ire\",\"Cost_Salv\"]}"},{"Name":"_SysCost","Description":"Objective Function Value","EditedOn":"2020-07-31 11:24","Filter":"{\"attribute\":[\"Reg_obj\"]}"}]