{"ApplicationVersion":"2.20.2.1","UserName":"getppp_hy-iee_pc","Date":"2024-06-06 20:23","FormSettings":{"DimensionsWithColumnsInfo":{"period":{"Select":20,"Name":248},"region":{"Select":20,"Name":50},"userconstraint":{"Select":20,"Name":50,"Description":189},"vintage":{"Select":20,"Name":255},"scenario":{"Select":20,"Name":231},"processset":{"Select":20,"Name":50,"Description":50},"commodity":{"Select":20,"Name":120,"Description":119},"process":{"Select":20,"Name":50,"Description":189},"attribute":{"Select":20,"Name":50,"Description":189},"commodityset":{"Select":20,"Name":49,"Description":207},"studyname":{"Select":20,"Name":50},"timeslice":{"Select":20,"Name":255}}}}